2015-11-14,www.fool.com/investing/general/2015/11/14/heres-how-much-amazons-dis-will-cost-apple-and-goo.aspx,aapl,
2015-11-14,www.fool.com/investing/general/2015/11/14/iphones-sold.aspx,aapl,
2015-11-13,www.fool.com/investing/general/2015/11/13/why-apple-inc-wont-add-a-third-core-to-the-a10-chi.aspx,aapl,
2015-11-13,www.fool.com/investing/general/2015/11/13/is-the-iphone-in-trouble-or-about-to-take-off-even.aspx,aapl,
2015-11-13,www.fool.com/investing/general/2015/11/12/alphabet-sets-the-stage-for-a-new-showdown-with-ap.aspx,aapl,
2015-11-12,www.fool.com/investing/general/2015/11/12/nuance-communications-looks-to-finish-2015-strong.aspx,aapl,
2015-11-12,www.fool.com/investing/general/2015/11/12/the-us-leads-the-smart-home-market-but-which-compa.aspx,aapl,
2015-11-12,www.fool.com/investing/general/2015/11/12/apple-inc-doesnt-need-revenue-growth-to-build-shar.aspx,aapl,
2015-11-12,www.fool.com/investing/general/2015/11/12/hands-on-with-the-new-apple-ipad-pro.aspx,aapl,
2015-11-12,www.fool.com/investing/general/2015/11/12/ipad-down-20-investors-are-focused-on-the-wrong-th.aspx,aapl,
2015-11-12,www.fool.com/investing/general/2015/11/12/apple-inc-reportedly-not-moving-to-oled-displays-f.aspx,aapl,
2015-11-12,www.fool.com/investing/general/2015/11/12/microsoft-wants-you-to-ditch-your-mac-for-a-surfac.aspx,aapl,
2015-11-12,www.fool.com/investing/general/2015/11/11/are-apple-incs-cpu-designs-no-better-than-qualcomm.aspx,aapl,
2015-11-12,www.fool.com/investing/general/2015/11/11/nexus-6p-maker-huawei-is-now-dominating-china.aspx,aapl,
2015-11-12,www.fool.com/investing/general/2015/11/11/synaptics-catches-a-break-as-this-apple-inc-chip-p.aspx,aapl,
2015-11-12,www.fool.com/investing/general/2015/11/11/what-could-more-memory-mean-for-the-apple-inc-ipho.aspx,aapl,
2015-11-11,www.fool.com/investing/general/2015/11/11/apple-watch-may-not-break-sales-records-heres-why.aspx,aapl,
2015-11-11,www.fool.com/investing/general/2015/11/11/more-bad-news-for-apple-incs-watch.aspx,aapl,
2015-11-11,www.fool.com/investing/general/2015/11/11/apple-reportedly-going-smaller-with-its-next-phone.aspx,aapl,
2015-11-11,www.fool.com/investing/general/2015/11/11/how-to-pick-winning-dividend-stocks-lessons-from-a.aspx,aapl,
2015-11-13,http://www.ibtimes.com/press-release/20151113/bespoke-coach-debut-its-new-144-executive-coach-la-auto-show-2184379,aapl,
2015-11-13,http://www.ibtimes.com/press-release/20151113/ryan-maniskas-llp-announces-class-action-lawsuit-against-flotek-industries,aapl,
2015-11-13,http://www.ibtimes.com/hired-gun-hacking-linked-jp-morgan-fidelity-breaches-2184300,aapl,
2015-11-13,http://www.ibtimes.com/wall-street-drops-posts-worst-week-august-2184294,aapl,
2015-11-13,http://www.ibtimes.com/tim-cook-calls-apple-store-diversity-incident-unacceptable-says-all-are-welcome-2184187,aapl,
2015-11-13,http://www.ibtimes.com/press-release/20151113/new-york-citys-tallest-residential-tower-set-open-2184279,aapl,
2015-11-13,http://www.ibtimes.com/press-release/20151113/gogo-foreflight-partner-flight-connectivity-2184154,aapl,
2015-11-13,http://www.ibtimes.com/fallout-4-sales-record-breaking-12-million-copies-worth-750-million-sold-launch-2183997,aapl,
2015-11-13,http://www.ibtimes.com/how-facebook-inc-fb-locked-70-publishers-creating-even-more-mobile-alerts-2183873,aapl,
2015-11-13,http://www.ibtimes.com/beats-music-shutdown-how-keep-your-library-playlists-apple-music-transition-2183422,aapl,
2015-11-13,http://www.ibtimes.com/bluetooth-2016-upgrades-will-bring-faster-speeds-longer-range-mesh-networking-2183204,aapl,
2015-11-13,http://www.ibtimes.com/oneplus-x-review-hd-display-battery-life-solid-camera-make-oneplus-x-best-smartphone-2183032,aapl,
2015-11-12,http://www.ibtimes.com/apple-ipad-pro-release-date-confirmed-t-mobile-jump-demand-plan-applicable-2182582,aapl,
2015-11-12,http://www.ibtimes.com/press-release/20151112/world-personal-cloud-market-opportunities-forecasts-2014-2020-byod-among,aapl,
2015-11-12,http://www.ibtimes.com/press-release/20151112/lbs-market-india-2015-2019-2182148,aapl,
2015-11-12,http://www.ibtimes.com/apple-inc-wants-be-your-bank-big-banks-should-be-worried-2182086,aapl,
2015-11-12,http://www.ibtimes.com/windows-10-xbox-arrives-microsoft-woos-developers-universal-apps-2181657,aapl,
2015-11-12,http://www.ibtimes.com/apple-vs-venmo-how-apple-pay-stacks-against-p2p-payment-competition-square-cash-2181788,aapl,
2015-11-12,http://www.ibtimes.com/press-release/20151112/majority-autotrader-visitors-hitting-road-holiday-season-2181895,aapl,
2015-11-12,http://www.ibtimes.com/press-release/20151112/new-streetsaverr-website-offers-powerful-tools-public-works-directors-2181901,aapl,
2015-11-12,http://www.ibtimes.com/iphone-7-rumor-future-apple-inc-smartphone-could-squirt-water-speaker-ports-2181314,aapl,
2015-11-12,http://www.ibtimes.com/press-release/20151112/docusign-empowers-agents-brokers-manage-deals-listing-close-100-digitally,aapl,
2015-11-12,http://www.ibtimes.com/press-release/20151112/onetouch-revealr-app-diabetes-management-adds-support-healthkit-2181231,aapl,
2015-11-12,http://www.ibtimes.com/lenovo-moves-away-fierce-cutthroat-chinese-market-smartphone-growth-2181003,aapl,
2015-11-12,http://www.ibtimes.com/iphone-7-rumors-apple-may-not-opt-amoled-display-foxconn-sets-new-lcd-plant-2180903,aapl,
2015-11-12,http://www.ibtimes.com/guitar-hero-live-adds-songs-white-stripes-iggy-pop-more-2180827,aapl,
2015-11-12,http://www.ibtimes.com/apple-working-iphone-iphone-payments-tim-cook-says-it-does-not-want-become-bank-2180908,aapl,
2015-11-12,http://www.ibtimes.com/apple-racism-controversy-company-apologizes-after-australia-store-ejects-black-2180788,aapl,
2015-11-11,http://www.ibtimes.com/press-release/20151111/global-connected-living-room-industry-2180659,aapl,
2015-11-11,http://www.ibtimes.com/press-release/20151111/apple-analog-strikes-again-2180486,aapl,
2015-11-11,http://www.ibtimes.com/press-release/20151111/tablettv-plus-launches-pre-order-2180516,aapl,
2015-11-11,http://www.ibtimes.com/press-release/20151111/syntech-creative-ian-gleason-bring-spoiler-relief-twitter-users-manner-never,aapl,
2015-11-11,http://www.ibtimes.com/press-release/20151111/global-china-emsodm-industry-report-2014-2015-2180430,aapl,
2015-11-11,http://www.ibtimes.com/press-release/20151111/connected-home-iot-market-opportunities-forecasts-2015-2020-2180448,aapl,
2015-11-11,http://www.ibtimes.com/apple-talks-us-banks-person-person-payment-service-wsj-2180266,aapl,
2015-11-11,http://www.ibtimes.com/press-release/20151111/intacct-pacific-crest-securities-join-forces-expand-performance-insights-saas,aapl,
2015-11-11,http://www.ibtimes.com/press-release/20151111/neobase-private-home-communications-hub-now-available-2179816,aapl,
2015-11-11,http://www.ibtimes.com/press-release/20151111/synergies-between-automotive-healthcare-industries-create-exciting,aapl,
2015-11-11,http://www.ibtimes.com/press-release/20151111/mophie-raises-bar-again-mobile-charging-new-powerstationr-line-universal,aapl,
2015-11-11,http://www.ibtimes.com/press-release/20151111/simplify-holiday-season-rw-knudsen-familyr-cider-spice-juice-2179596,aapl,
2015-11-11,http://www.ibtimes.com/press-release/20151111/magnegas-salutes-its-us-military-veteran-employees-veterans-around-world,aapl,
2015-11-11,http://www.ibtimes.com/tim-cook-microsofts-surface-book-deluded-ipad-will-return-growth-2179484,aapl,
2015-11-11,http://www.ibtimes.com/press-release/20151111/medscape-launches-crowdsourced-clinical-knowledge-platform-improve-physician,aapl,
2015-11-11,http://www.ibtimes.com/press-release/20151111/brydge-debuts-perfect-companion-ipad-mini-brydgemini-2179514,aapl,
2015-11-11,http://www.ibtimes.com/apple-pulls-popular-instagram-client-app-store-over-malware-concerns-2179465,aapl,
2015-11-11,http://www.ibtimes.com/apple-announces-major-expansion-european-headquarters-ireland-2179331,aapl,
2015-11-11,http://www.ibtimes.com/press-release/20151111/emord-associates-pc-stay-sought-ftc-biodegradable-ban-pending-circuit-court,aapl,
2015-11-11,http://www.ibtimes.com/samsung-galaxy-s7-rumors-powerful-exynos-8890-chip-mass-production-begins-2179188,aapl,
2015-11-11,http://www.ibtimes.com/black-friday-2015-deals-iphone-6s-apple-watch-galaxy-note-5-galaxy-s6-edge-s6-edge-2179149,aapl,
2015-11-11,http://www.ibtimes.com/press-release/20151111/strategy-analytics-androids-developer-tools-lag-behind-apple-microsoft,aapl,
2015-11-10,http://www.ibtimes.com/press-release/20151110/baa-marketing-law-conference-opens-chicago-2179125,aapl,
2015-11-10,http://www.ibtimes.com/scream-queens-season-1-spoilers-grace-learns-shocking-truth-who-her-mother-episode-8-2179011,aapl,
2015-11-10,http://www.ibtimes.com/press-release/20151110/electric-vehicle-forecasts-trends-opportunities-2015-2025-2179095,aapl,
2015-11-10,http://www.ibtimes.com/press-release/20151110/frost-sullivan-2015-gil-australia-intelligent-mobility-reduce-traffic,aapl,
2015-11-10,http://www.ibtimes.com/asia-shares-cautious-ahead-china-data-2178770,aapl,
2015-11-10,http://www.ibtimes.com/press-release/20151110/belkin-charge-dock-named-ces-2016-best-innovation-awards-honoree-2178411,aapl,
2015-11-10,http://www.ibtimes.com/press-release/20151110/magnegas-reports-326-increase-revenue-third-quarter-2015-gross-margins,aapl,
2015-11-10,http://www.ibtimes.com/press-release/20151110/cute-robot-dares-fight-self-balancing-robot-gemini-launches-kickstarter,aapl,
2015-11-10,http://www.ibtimes.com/press-release/20151110/piehole-onion-make-your-thanksgiving-tolerable-2178180,aapl,
2015-11-10,http://www.ibtimes.com/apple-music-now-available-android-hits-google-play-2177930,aapl,
2015-11-10,http://www.ibtimes.com/singles-day-2015-iphone-6s-apple-watch-could-make-apple-inc-big-winner-chinas-black-2177799,aapl,
2015-11-10,http://www.ibtimes.com/press-release/20151110/make-your-holiday-festive-flavorful-2177869,aapl,
2015-11-10,http://www.ibtimes.com/david-lowery-calls-ny-attorney-general-eric-schneiderman-investigate-streaming-musics-2177690,aapl,
2015-11-10,http://www.ibtimes.com/dow-jones-industrial-average-wavers-after-mondays-selloff-us-dollar-rises-2177709,aapl,
2015-11-10,http://www.ibtimes.com/press-release/20151110/central-coast-investment-management-firm-launches-israeli-focused-public,aapl,
2015-11-10,http://www.ibtimes.com/press-release/20151110/have-wrappy-holiday-nasoya-wraps-2177615,aapl,
2015-11-10,http://www.ibtimes.com/black-friday-2015-deals-wal-mart-sams-club-best-buy-target-surface-xbox-one-ps4-apple-2176961,aapl,
2015-11-10,http://www.ibtimes.com/microsoft-ceo-satya-nadella-shows-iphone-pro-reveals-how-much-time-he-spends-email-2177298,aapl,
2015-11-10,http://www.ibtimes.com/press-release/20151110/new-give-gift-hometm-campaign-air-wickr-captures-memories-home-through-scent,aapl,
2015-11-10,http://www.ibtimes.com/fox-business-gop-debate-watch-party-nyc-new-york-citys-best-bars-watch-2016-2176323,aapl,
2015-11-10,http://www.ibtimes.com/press-release/20151110/10-ways-honor-our-fallen-world-war-i-world-war-ii-veterans-day-2177139,aapl,
2015-11-10,http://www.ibtimes.com/press-release/20151110/lucy-pet-products-launches-products-cause-luxury-line-dog-shampoos,aapl,
2015-11-10,http://www.ibtimes.com/press-release/20151110/legal-bay-lawsuit-settlement-funding-says-clients-have-17-days-until-black,aapl,
2015-11-10,http://www.ibtimes.com/apples-ipad-pro-finally-heralds-post-pc-era-tim-cook-2176989,aapl,
2015-11-10,http://www.ibtimes.com/diwali-shopping-competition-between-online-stores-brick-mortar-stores-leaves-indian-2174887,aapl,
2015-11-10,http://www.ibtimes.com/press-release/20151110/epson-adds-two-portable-projectors-its-ex-series-smbs-2177017,aapl,
2015-11-10,http://www.ibtimes.com/press-release/20151110/global-air-booking-propels-egenciar-tripnavigator-new-altitudes-2176924,aapl,
2015-11-10,http://www.ibtimes.com/press-release/20151110/transparent-electronics-market-grow-59-cagr-2019-transparent-displays,aapl,
2015-11-10,http://www.ibtimes.com/press-release/20151110/airties-announces-north-american-expansion-executive-appointments-2176957,aapl,
2015-11-09,http://www.ibtimes.com/press-release/20151109/dr-frank-young-braeburn-pharmaceuticals-receives-2015-distinguished-scientist,aapl,
2015-11-09,http://www.ibtimes.com/press-release/20151109/digital-turbine-reports-fiscal-second-quarter-2016-financial-results-2176265,aapl,
2015-11-09,http://www.ibtimes.com/master-none-season-1-review-what-aziz-ansaris-hilarious-netflix-series-gets-right-2176173,aapl,
2015-11-09,http://www.ibtimes.com/press-release/20151109/game-market-apac-2015-2019-2176107,aapl,
2015-11-09,http://www.ibtimes.com/press-release/20151109/twice-fun-twin-cities-southwest-airlines-announces-new-flights-connecting,aapl,
2015-11-09,http://www.ibtimes.com/tag-heuer-unveils-high-end-connected-smartwatch-rivals-apple-watch-2176063,aapl,
2015-11-09,http://www.ibtimes.com/xiaomi-new-mi-band-costs-just-15-offers-heart-rate-tracking-2175336,aapl,
2015-11-09,http://www.ibtimes.com/kickstarter-ceo-yancey-strickler-wants-ditch-techs-money-monoculture-do-some-good-2175886,aapl,
2015-11-09,http://www.ibtimes.com/justin-bieber-lyft-promotion-treads-familiar-ground-can-it-help-purpose-become-hit-2175875,aapl,
2015-11-09,http://www.ibtimes.com/ipad-pro-release-date-revealed-apple-inc-takes-surface-pro-4-2175742,aapl,
2015-11-09,http://www.ibtimes.com/press-release/20151109/virtual-reality-gaming-market-expand-392-cagr-2013-2019-thanks-rising,aapl,
2015-11-09,http://www.ibtimes.com/press-release/20151109/popular-language-app-learn-spanish-6000-words-gets-fresh-update-2175503,aapl,
2015-11-09,http://www.ibtimes.com/press-release/20151109/motor-trend-announces-its-2016-year-finalists-2175274,aapl,
2015-11-09,http://www.ibtimes.com/press-release/20151109/sporty-sophisticated-visual-presence-portends-whats-under-skin-dramatically,aapl,
2015-11-09,http://www.ibtimes.com/press-release/20151109/now-launched-iphone-ipad-major-content-update-dlc-critically-acclaimed,aapl,
2015-11-09,http://www.ibtimes.com/apple-ipad-pro-release-date-rumors-suggest-nov-13-roll-out-preorders-begin-us-2174913,aapl,
2015-11-08,http://www.ibtimes.com/kobe-bryant-still-draws-msg-crowd-discusses-guarding-knicks-carmelo-anthony-2174795,aapl,
2015-11-08,http://www.ibtimes.com/coding-boot-camps-go-after-veterans-take-silicon-valleys-vacant-tech-jobs-2174421,aapl,
2015-11-08,http://www.ibtimes.com/apple-bag-search-lawsuit-dismissed-bags-work-optional-says-california-judge-2174453,aapl,
2015-11-07,http://www.ibtimes.com/press-release/20151107/national-league-cities-announces-2016-leadership-board-directors-2174392,aapl,
2015-11-07,http://www.ibtimes.com/finnish-government-avoids-break-reaches-reform-deal-2174169,aapl,
2015-11-06,http://www.ibtimes.com/zero-day-software-flaws-center-data-security-debate-2174123,aapl,
2015-11-06,http://www.ibtimes.com/press-release/20151106/tbwa-appoints-new-global-directors-data-technology-2173561,aapl,
2015-11-06,http://www.ibtimes.com/press-release/20151106/spice-your-holidays-2173585,aapl,
2015-11-06,http://www.ibtimes.com/press-release/20151106/hill-country-golf-guitar-six-string-grill-celebrate-first-year-business,aapl,
2015-11-06,http://www.ibtimes.com/tidal-subscribers-love-high-quality-audio-booming-market-beats-bose-other-premium-2173273,aapl,
2015-11-06,http://www.ibtimes.com/press-release/20151106/strong-recovery-betterinvesting-top-100-october-75-gain-month-2173505,aapl,
2015-11-06,http://www.ibtimes.com/john-sculley-apple-isnt-only-company-can-succeed-smartphone-market-2173114,aapl,
2015-11-06,http://www.ibtimes.com/press-release/20151106/comscore-reports-september-2015-us-smartphone-subscriber-market-share-2173149,aapl,
2015-11-06,http://www.ibtimes.com/press-release/20151106/kellogg-company-investor-day-presentations-be-webcast-live-nov-20-2173188,aapl,
2015-11-06,http://www.ibtimes.com/press-release/20151106/scripps-reports-third-quarter-results-2172797,aapl,
2015-11-06,http://www.ibtimes.com/xiaomi-mi-5-vs-oneplus-x-purported-specs-release-date-price-showdown-2172602,aapl,
2015-11-06,http://www.ibtimes.com/press-release/20151106/smart-glasses-industry-2022-opportunities-component-technology-markets,aapl,
2015-11-06,http://www.ibtimes.com/toyotas-1b-investment-artificial-intelligence-robotics-puts-it-forefront-autonomous-2172600,aapl,
2015-11-06,http://www.ibtimes.com/best-buy-pre-black-friday-sale-bring-attractive-discounts-apple-tv-macbook-air-2172524,aapl,
2015-11-06,http://www.ibtimes.com/apple-ipad-pro-pencil-release-update-survey-says-75-apple-fans-are-waiting-2-1-tablet-2172517,aapl,
2015-11-06,http://www.ibtimes.com/new-htc-one-a9-ad-says-be-bold-different-ahead-todays-release-2172477,aapl,
2015-11-06,http://www.ibtimes.com/press-release/20151106/monster-appears-times-square-part-trans-pacific-marketing-event-2172489,aapl,
2015-11-05,http://www.ibtimes.com/why-ben-carson-wikipedia-trending-leading-gop-candidates-outlandish-comments-spark-2172347,aapl,
2015-11-05,http://www.ibtimes.com/press-release/20151105/healthcare-mobility-solutions-market-products-services-application-end-user,aapl,
2015-11-05,http://www.ibtimes.com/press-release/20151105/soft-drink-concentrates-market-application-end-use-region-global-trends,aapl,
2015-11-05,http://www.ibtimes.com/press-release/20151105/premium-police-brutality-activism-app-released-free-november-5th-2171980,aapl,
2015-11-05,http://www.ibtimes.com/new-york-times-virtual-reality-film-explores-journalisms-new-frontier-2171811,aapl,
2015-11-05,http://www.ibtimes.com/press-release/20151105/ceo-power-light-intriguing-new-executive-book-2171734,aapl,
2015-11-05,http://www.ibtimes.com/press-release/20151105/e-sims-could-prove-double-edged-revenue-opportunity-leading-smart-card,aapl,
2015-11-05,http://www.ibtimes.com/spaceteam-apple-tv-review-can-fun-mobile-game-work-big-screen-2171177,aapl,
2015-11-05,http://www.ibtimes.com/press-release/20151105/dc-fast-charger-abb-offering-credit-card-option-ultimate-interoperability,aapl,
2015-11-05,http://www.ibtimes.com/why-oneplus-x-invites-are-hard-get-were-self-inflicting-slower-rate-growth-says-co-2170838,aapl,
2015-11-05,http://www.ibtimes.com/facebook-inc-fb-stock-5-percent-securing-social-networks-spot-300-billion-club-2170918,aapl,
2015-11-05,http://www.ibtimes.com/iphone-7-rumors-apple-inc-invents-fingerprint-enabled-panic-mode-private-mode-ios-2170884,aapl,
2015-11-05,http://www.ibtimes.com/press-release/20151105/global-tablet-display-market-2015-2019-key-vendors-are-au-optronics-chimei,aapl,
2015-11-05,http://www.ibtimes.com/press-release/20151105/deliverycom-releases-new-ios-app-2170818,aapl,
2015-11-05,http://www.ibtimes.com/press-release/20151105/verificient-technologies-joins-student-privacy-pledge-2170671,aapl,
2015-11-05,http://www.ibtimes.com/press-release/20151105/maxim-announces-glenn-obrien-editor-large-2170683,aapl,
2015-11-05,http://www.ibtimes.com/facebooks-standalone-news-app-notify-be-launched-next-week-report-2170506,aapl,
2015-11-05,http://www.ibtimes.com/apple-iphone-7-rumors-ipad-pros-apple-pencil-could-support-iphone-7-7-plus-2016-2170455,aapl,
2015-11-05,http://www.ibtimes.com/samsung-galaxy-s7-price-rumored-be-10-less-galaxy-s6s-launch-price-2170429,aapl,
2015-11-05,http://www.ibtimes.com/apple-iphone-6-plus-16gb-variant-available-ebay-23-discount-2170104,aapl,
2015-11-05,http://www.ibtimes.com/press-release/20151105/tools-quick-easy-fall-beverages-2170380,aapl,
2015-11-04,http://www.ibtimes.com/press-release/20151104/maxim-announces-glenn-obrien-editor-large-2170317,aapl,
2015-11-04,http://www.ibtimes.com/britain-unveils-web-spying-plan-raising-privacy-fears-2170130,aapl,
2015-11-04,http://www.ibtimes.com/press-release/20151104/southwest-airlines-pilot-union-rejects-agreement-2169933,aapl,
2015-11-04,http://www.ibtimes.com/press-release/20151104/fda-grants-fast-track-designation-development-cam2038-long-acting,aapl,
2015-11-04,http://www.ibtimes.com/press-release/20151104/global-application-processor-market-2015-2019-emergence-smartphones-tablet,aapl,
2015-11-04,http://www.ibtimes.com/california-companies-struggle-combat-human-trafficking-slavery-compliance-2169350,aapl,
2015-11-04,http://www.ibtimes.com/steve-jobs-put-apple-car-backburner-2008-focus-iphone-report-2169133,aapl,
2015-11-04,http://www.ibtimes.com/why-netflix-spotify-groupon-other-sites-make-it-almost-impossible-delete-your-account-2160388,aapl,
2015-11-04,http://www.ibtimes.com/press-release/20151104/captain-mcfinn-friends-collaborates-fuhu-make-splash-mobile-tech-help-kids,aapl,
2015-11-04,http://www.ibtimes.com/amazons-first-brick-mortar-bookstore-befuddles-seattle-vexes-indie-booksellers-2168484,aapl,
2015-11-04,http://www.ibtimes.com/wikipedia-founder-jimmy-wales-says-apple-should-stop-selling-iphone-uk-if-encryption-2168966,aapl,
2015-11-04,http://www.ibtimes.com/press-release/20151104/travelzoo-predicts-top-five-wow-deal-destinations-2016-2168787,aapl,
2015-11-04,http://www.ibtimes.com/apple-launch-4-inch-iphone-early-2016-ahead-iphone-7-launch-leading-analyst-says-2168523,aapl,
2015-11-04,http://www.ibtimes.com/press-release/20151104/cyren-cyber-threat-report-malware-distribution-peaks-fridays-target-employees,aapl,
2015-11-03,http://www.ibtimes.com/houston-rejects-controversial-lgbt-equal-rights-measure-2167919,aapl,
2015-11-03,http://www.ibtimes.com/press-release/20151103/honeydippedcom-starts-accepting-bitcoin-apple-watch-gold-plating-pre-plated,aapl,
2015-11-03,http://www.ibtimes.com/us-energy-tech-stocks-nasdaq-100-sets-record-2168123,aapl,
2015-11-03,http://www.ibtimes.com/press-release/20151103/it-market-gcc-2015-2019-reportlinker-review-2168114,aapl,
2015-11-03,http://www.ibtimes.com/facebook-inc-fb-q3-2015-earnings-preview-video-ads-instagram-could-drive-revenue-437b-2167830,aapl,
2015-11-03,http://www.ibtimes.com/press-release/20151103/medl-mobile-holdings-changes-name-inc-2167767,aapl,
2015-11-03,http://www.ibtimes.com/surface-book-teardown-fixes-will-be-tough-ifixit-slams-microsoft-laptops-2167614,aapl,
2015-11-03,http://www.ibtimes.com/press-release/20151103/field-roast-brings-unprecedented-flavor-table-new-holiday-roasts-2167682,aapl,
2015-11-03,http://www.ibtimes.com/iphone-6s-november-sales-sams-club-offers-deep-apple-savings-ahead-thanksgiving-black-2167483,aapl,
2015-11-03,http://www.ibtimes.com/apple-tv-2015-video-review-should-you-buy-apples-latest-streaming-box-2167255,aapl,
2015-11-03,http://www.ibtimes.com/twitters-growth-problem-diversity-problem-are-connected-former-engineering-manager-2167198,aapl,
2015-11-03,http://www.ibtimes.com/apple-pay-users-warned-not-store-partners-fingerprints-iphone-2167207,aapl,
2015-11-03,http://www.ibtimes.com/press-release/20151103/flynn-restaurant-group-acquires-47-panera-bakery-cafes-plants-third-flag-fast,aapl,
2015-11-03,http://www.ibtimes.com/apple-inc-amazon-google-form-lobby-group-push-biz-friendly-tech-legislation-2166927,aapl,
2015-11-03,http://www.ibtimes.com/press-release/20151103/guestbook-debuts-first-instant-cash-back-hotel-booking-rewards-program,aapl,
2015-11-03,http://www.ibtimes.com/press-release/20151103/tech-industry-leaders-launch-coalition-advocate-policies-foster-innovation,aapl,
2015-11-03,http://www.ibtimes.com/press-release/20151103/24-days-until-black-friday-legal-bay-lawsuit-settlement-funding-announces,aapl,
2015-11-03,http://www.ibtimes.com/apple-ipad-pro-4-best-features-2166426,aapl,
2015-11-03,http://www.ibtimes.com/china-arrests-top-editor-xinjiang-new-party-discipline-rules-target-opposition-2166294,aapl,
2015-11-03,http://www.ibtimes.com/press-release/20151103/audiocodes-reports-third-quarter-2015-results-2166311,aapl,
2015-11-03,http://www.ibtimes.com/nexus-5x-nexus-6p-old-nexus-phone-trade-ins-increase-many-are-buying-new-lineup-2166154,aapl,
2015-11-03,http://www.ibtimes.com/press-release/20151103/retail-banks-ict-investment-trends-patterns-end-2016-2166289,aapl,
2015-11-03,http://www.ibtimes.com/world-warcraft-maker-activision-blizzard-buy-candy-crush-developer-king-digital-59b-2166217,aapl,
2015-11-02,http://www.ibtimes.com/over-40-chinas-online-sales-counterfeit-or-shoddy-report-2166205,aapl,
2015-11-02,http://www.ibtimes.com/why-india-ripe-apple-genius-bar-its-rules-arent-2164075,aapl,
2015-11-02,http://www.ibtimes.com/google-asks-whos-down-new-social-network-kids-answer-groupme-facebook-texts-snapchat-2165523,aapl,
2015-11-02,http://www.ibtimes.com/apple-tv-2015-review-five-reasons-hold-buying-apple-incs-flawed-streaming-device-2165521,aapl,
2015-11-02,http://www.ibtimes.com/press-release/20151102/comparison-technology-cost-review-3-axis-6-axis-ecompass-c-2165254,aapl,
2015-11-02,http://www.ibtimes.com/houston-transgender-bathroom-law-update-lgbt-equal-rights-ordinance-vote-set-tuesday-2164925,aapl,
2015-11-02,http://www.ibtimes.com/press-release/20151102/emsfind-launches-entertainment-demand-ott-platform-2164968,aapl,
2015-11-02,http://www.ibtimes.com/apples-secret-app-maps-indoor-locations-using-iphone-sensors-2164906,aapl,
2015-11-02,http://www.ibtimes.com/apple-ipad-pro-release-date-nov-11-2164427,aapl,
2015-11-02,http://www.ibtimes.com/press-release/20151102/apple-recognizes-particle-news-great-apps-games-ios-9-2164452,aapl,
2015-11-01,http://www.ibtimes.com/press-release/20151101/goasean-london-world-travel-market-offers-travellers-tantalising-view,aapl,
2015-10-31,http://www.ibtimes.com/new-york-city-marathon-2015-route-map-start-time-live-stream-street-closures-more-2158896,aapl,
2015-10-31,http://www.ibtimes.com/why-al-roker-wont-livestream-halloween-weekend-his-favorite-twitter-perspective-2163785,aapl,
2015-10-31,http://www.ibtimes.com/worldwide-tablet-shipment-down-20-q3-big-screen-smartphones-cannibalize-sales-2163784,aapl,
2015-10-30,http://www.ibtimes.com/press-release/20151030/walking-vaped-santa-monicas-oh-my-smoke-shop-are-calling-all-zombies-come-out,aapl,
2015-10-30,http://www.ibtimes.com/national-caramel-apple-day-2015-celebrate-holiday-easy-recipes-2159580,aapl,
2015-10-30,http://www.ibtimes.com/kelly-hyland-settles-dance-moms-lawsuit-daughters-brooke-paige-can-appear-reruns-2163313,aapl,
2015-10-30,http://www.ibtimes.com/report-microsoft-windows-10-update-going-make-your-pc-lot-more-mac-2163294,aapl,
2015-10-30,http://www.ibtimes.com/htcs-future-doubt-how-chinese-rivals-xiaomi-huawei-undercut-taiwans-once-dominant-2163237,aapl,
2015-10-30,http://www.ibtimes.com/halloween-facts-2015-13-things-you-probably-didnt-know-about-all-hallows-eve-2138132,aapl,
2015-10-30,http://www.ibtimes.com/huawei-mate-s-review-huaweis-55-inch-android-smartphone-worthy-rival-apple-iphone-6s-2163181,aapl,
2015-10-30,http://www.ibtimes.com/steven-hildreths-story-real-facebook-user-post-about-blue-lives-matter-goes-viral-2163166,aapl,
2015-10-30,http://www.ibtimes.com/halloween-alcoholic-drink-ideas-2015-5-easy-recipes-punch-cocktails-sangria-cider-2161888,aapl,
2015-10-30,http://www.ibtimes.com/billboard-receives-backlash-after-posting-disgusting-tweet-about-kim-kardashians-2163047,aapl,
2015-10-30,http://www.ibtimes.com/apple-ipad-pro-release-date-nears-company-hurries-finish-applecare-staff-training-nov-2162920,aapl,
2015-10-30,http://www.ibtimes.com/apple-ios-9-jailbreak-pangu-mac-now-available-2162859,aapl,
2015-10-30,http://www.ibtimes.com/samsung-galaxy-s7-s7-edge-rumors-exynos-8890-production-start-december-release-date-2162805,aapl,
2015-10-29,http://www.ibtimes.com/google-fold-desktop-based-chrome-os-more-popular-android-operating-system-report-says-2162677,aapl,
2015-10-29,http://www.ibtimes.com/apple-watch-sales-topped-17b-apple-inc-fy-2015-2162403,aapl,
2015-10-29,http://www.ibtimes.com/press-release/20151029/practising-law-institute-launches-discover-plus-ipadr-iphoner-expert-answers,aapl,
2015-10-29,http://www.ibtimes.com/press-release/20151029/vimoc-technologies-expand-deployment-internet-things-iot-applications-urban,aapl,
2015-10-29,http://www.ibtimes.com/press-release/20151029/sean-diddy-combs-makers-ciroctm-ultra-premium-handpick-newest-flavor-ciroctm,aapl,
2015-10-29,http://www.ibtimes.com/youtube-red-ad-free-few-originals-make-999-price-tag-tough-sell-world-hbo-now-hulu-2162135,aapl,
2015-10-29,http://www.ibtimes.com/dow-jones-industrial-average-slips-after-us-reports-sluggish-third-quarter-gdp-growth-2162007,aapl,
2015-10-29,http://www.ibtimes.com/press-release/20151029/qvc-launches-app-all-new-apple-tvr-allowing-customers-tune-their-favorite,aapl,
2015-10-29,http://www.ibtimes.com/press-release/20151029/zillow-launches-app-new-apple-tv-2162115,aapl,
2015-10-29,http://www.ibtimes.com/oneplus-x-first-look-249-smartphone-quirky-oneplus-offers-value-performance-2161773,aapl,
2015-10-29,http://www.ibtimes.com/samhain-2015-5-things-you-need-know-about-pagan-festival-2158663,aapl,
2015-10-29,http://www.ibtimes.com/t-mobile-may-let-customers-stream-netflix-hbo-now-without-eating-data-plan-2161883,aapl,
2015-10-29,http://www.ibtimes.com/press-release/20151029/following-success-games-industry-umbra-evolves-future-3d-technology-after,aapl,
2015-10-29,http://www.ibtimes.com/apple-tv-gets-bbc-iplayer-app-days-after-unofficial-auntie-version-debuts-2161582,aapl,
2015-10-29,http://www.ibtimes.com/gigantic-samsung-galaxy-view-tablet-official-now-whopping-184-display-lte-support-2161460,aapl,
2015-10-29,http://www.ibtimes.com/oneplus-x-revealed-smaller-sleeker-cheaper-version-oneplus-2-2160838,aapl,
2015-10-29,http://www.ibtimes.com/miitomo-nintendos-first-smartphone-game-release-delayed-until-march-2016-share-price-2161432,aapl,
2015-10-29,http://www.ibtimes.com/samsung-cuts-q4-profit-forecast-announces-share-buyback-2161255,aapl,
2015-10-28,http://www.ibtimes.com/press-release/20151028/strategy-analytics-samsung-smartphone-shipments-return-growth-q3-2015-2161315,aapl,
2015-10-28,http://www.ibtimes.com/press-release/20151028/global-wearable-technologies-market-applications-bp-monitors-cgm-devices,aapl,
2015-10-28,http://www.ibtimes.com/fed-rate-hike-three-things-we-learned-october-fed-meeting-2160619,aapl,
2015-10-28,http://www.ibtimes.com/nintendo-reveal-first-smartphone-game-will-it-be-1up-2160522,aapl,
2015-10-28,http://www.ibtimes.com/world-series-live-streaming-after-fox-outage-should-network-be-worrying-about-move-2160538,aapl,
2015-10-28,http://www.ibtimes.com/issuu-adds-buy-button-digital-magazines-2160431,aapl,
2015-10-28,http://www.ibtimes.com/huawei-rising-abigail-brody-hire-mate-s-strong-q3-chinese-smartphone-makers-next-2160062,aapl,
2015-10-28,http://www.ibtimes.com/microsofts-fifth-avenue-store-crucial-success-surface-pro-4-surface-book-2160106,aapl,
2015-10-28,http://www.ibtimes.com/apple-tv-preorders-begin-best-buy-apple-inc-prepares-set-top-box-shipments-2160114,aapl,
2015-10-28,http://www.ibtimes.com/dow-jones-industrial-average-gains-anticipation-new-signal-us-federal-reserve-2160197,aapl,
2015-10-28,http://www.ibtimes.com/activist-investor-carl-icahn-urges-aig-break-2160182,aapl,
2015-10-28,http://www.ibtimes.com/short-strange-tale-cuddlr-2158984,aapl,
2015-10-28,http://www.ibtimes.com/most-asian-stocks-down-investors-await-us-fed-announcement-europe-stocks-us-stock-2159964,aapl,
2015-10-28,http://www.ibtimes.com/press-release/20151028/valero-energy-reports-third-quarter-2015-results-25-percent-dividend-increase,aapl,
2015-10-28,http://www.ibtimes.com/cnbc-republican-debate-live-stream-watch-gops-donald-trump-ben-carson-jeb-bush-others-2158373,aapl,
2015-10-28,http://www.ibtimes.com/nearly-25m-apple-ipad-pro-units-ordered-till-end-2015-report-2159751,aapl,
2015-10-28,http://www.ibtimes.com/xiaomi-mi-5-rumored-specs-features-price-release-date-roundup-2159711,aapl,
2015-10-28,http://www.ibtimes.com/motorola-droid-turbo-2-vs-apple-iphone-6s-plus-comparison-specifications-features-2159691,aapl,
2015-10-28,http://www.ibtimes.com/queen-elizabeth-prize-foundation-2015-queen-elizabeth-ii-honors-dr-robert-langer-2159648,aapl,
2015-10-28,http://www.ibtimes.com/press-release/20151028/us-math-scores-decline-2013-nations-reading-scores-mixed-2159654,aapl,
2015-10-27,http://www.ibtimes.com/asia-stocks-slip-weaker-wall-street-fed-awaited-2159567,aapl,
2015-10-27,http://www.ibtimes.com/press-release/20151027/wearable-computing-market-application-technology-geography-global-forecast,aapl,
2015-10-27,http://www.ibtimes.com/press-release/20151027/video-demand-vod-market-us-2015-2019-reportlinker-review-2159412,aapl,
2015-10-27,http://www.ibtimes.com/press-release/20151027/porsche-macan-gts-improved-power-performance-2159418,aapl,
2015-10-27,http://www.ibtimes.com/apple-inc-aapl-q4-2015-profits-reach-111-billion-riding-surging-china-sales-2158385,aapl,
2015-10-27,http://www.ibtimes.com/halloween-recipe-ideas-2015-how-make-candy-apples-other-easy-treats-2159021,aapl,
2015-10-27,http://www.ibtimes.com/world-series-2015-betting-odds-prop-bets-new-york-mets-vs-kansas-city-royals-2158791,aapl,
2015-10-27,http://www.ibtimes.com/press-release/20151027/beat-heat-start-planning-now-spring-vacation-2158573,aapl,
2015-10-27,http://www.ibtimes.com/iphone-7-rumors-next-iphone-could-have-killer-oled-screen-made-samsung-2158210,aapl,
2015-10-27,http://www.ibtimes.com/press-release/20151027/new-app-allows-texting-without-internet-wifi-or-cell-service-2158123,aapl,
2015-10-27,http://www.ibtimes.com/press-release/20151027/magnegas-selected-5-major-florida-demolition-projects-2157995,aapl,
2015-10-27,http://www.ibtimes.com/press-release/20151027/hack-hack-hack-one-20-applications-private-us-pcs-are-end-life-2158025,aapl,
2015-10-27,http://www.ibtimes.com/apple-ipad-pro-rumors-release-date-nov-6-pre-orders-likely-start-nov-2-2157753,aapl,
2015-10-27,http://www.ibtimes.com/press-release/20151027/online-takeaway-platform-hungryhouse-partners-perkbox-launch-perks-benefits,aapl,
2015-10-27,http://www.ibtimes.com/press-release/20151027/epson-expands-workforcer-pro-product-line-commercial-market-its-fastest,aapl,
2015-10-26,http://www.ibtimes.com/press-release/20151026/global-mobile-yellow-pages-industry-2157577,aapl,
2015-10-26,http://www.ibtimes.com/asian-investors-turn-cautious-central-bank-decisions-loom-2157491,aapl,
2015-10-26,http://www.ibtimes.com/apple-pay-adoption-growth-beginning-slow-marketing-firm-claims-2157408,aapl,
2015-10-26,http://www.ibtimes.com/press-release/20151026/augmented-reality-paradigm-shift-begins-reportlinker-review-2157359,aapl,
2015-10-26,http://www.ibtimes.com/press-release/20151026/global-data-center-power-market-2015-2019-reportlinker-review-2157368,aapl,
2015-10-26,http://www.ibtimes.com/amid-weak-global-outlook-many-us-companies-tighten-belts-2157250,aapl,
2015-10-26,http://www.ibtimes.com/jp-morgan-chase-says-it-building-rival-apple-pay-2157149,aapl,
2015-10-26,http://www.ibtimes.com/press-release/20151026/global-e-learning-it-infrastructure-spending-2015-2019-reportlinker-review,aapl,
2015-10-26,http://www.ibtimes.com/press-release/20151026/mobile-app-octo-telematics-uses-ibm-weather-company-data-help-drivers-score,aapl,
2015-10-26,http://www.ibtimes.com/press-release/20151026/index-launches-semi-integrated-payments-hosted-gateway-bring-flexibility,aapl,
2015-10-26,http://www.ibtimes.com/apple-inc-aapl-q4-2015-earnings-preview-doubts-surround-iphone-6s-sales-momentum-2156564,aapl,
2015-10-26,http://www.ibtimes.com/press-release/20151026/biometrics-market-44bn-2021-emerging-biometric-technologies-growth-1337-cagr,aapl,
2015-10-26,http://www.ibtimes.com/surface-pro-4-microsoft-closes-apples-consumer-satisfaction-lead-2156469,aapl,
2015-10-26,http://www.ibtimes.com/youtubes-amra-deal-will-mean-faster-royalty-payments-artists-around-globe-2156320,aapl,
2015-10-26,http://www.ibtimes.com/dow-jones-industrial-average-wavers-ahead-federal-open-market-committee-meeting-key-2156324,aapl,
2015-10-26,http://www.ibtimes.com/apple-inc-faces-5-million-class-action-lawsuit-over-wi-fi-assist-mobile-data-usage-2156258,aapl,
2015-10-26,http://www.ibtimes.com/press-release/20151026/audiocodes-introduces-high-density-analog-voip-gateway-2156234,aapl,
2015-10-26,http://www.ibtimes.com/earnings-preview-apple-inc-aapl-linkedin-corp-lnkd-ford-motor-company-f-starbucks-2156127,aapl,
2015-10-26,http://www.ibtimes.com/apple-15-inch-macbook-pro-2015-13-inch-macbook-pro-notebooks-massively-discounted-2155619,aapl,
2015-10-26,http://www.ibtimes.com/samsung-galaxy-s7-edge-rumored-be-released-2-variants-different-display-sizes-2155589,aapl,
2015-10-26,http://www.ibtimes.com/xiaomi-mi-5-will-be-built-pit-against-iphone-6s-3d-touch-display-topnotch-specs-2155440,aapl,
2015-10-25,http://www.ibtimes.com/steve-jobs-disappoints-rough-opening-weekends-jem-holograms-rock-kasbah-last-witch-2155437,aapl,
2015-10-25,http://www.ibtimes.com/how-find-most-popular-show-tv-ratings-decline-nielsen-plays-referee-anxious-media-2155393,aapl,
2015-10-25,http://www.ibtimes.com/press-release/20151025/taser-disrupts-car-video-market-axon-fleet-hd-car-video-solution-499-2155344,aapl,
2015-10-23,http://www.ibtimes.com/apple-earnings-could-help-nasdaq-100-set-record-2154971,aapl,
2015-10-23,http://www.ibtimes.com/press-release/20151023/lighthouse-bank-reports-strong-performance-q3-2015-2154665,aapl,
2015-10-23,http://www.ibtimes.com/press-release/20151023/travel-startups-incubator-invests-chronicles-earth-trusted-travel-network,aapl,
2015-10-23,http://www.ibtimes.com/bing-profitable-it-wont-be-long-if-microsoft-doesnt-figure-out-mobile-2154361,aapl,
2015-10-23,http://www.ibtimes.com/huffington-post-touts-new-all-female-team-still-refuses-share-diversity-figures-race-2154322,aapl,
2015-10-23,http://www.ibtimes.com/apple-iphone-6s-design-seen-htc-one-a9-continue-htc-one-m-flagship-series-2153539,aapl,
2015-10-23,http://www.ibtimes.com/new-apple-ipad-mini-4-64gb-ipad-mini-3-128gb-significantly-discounted-ebay-2153470,aapl,
2015-10-23,http://www.ibtimes.com/weeks-rumor-round-apple-ipad-pro-iphone-7-microsoft-lumia-950-samsung-galaxy-s7-2153550,aapl,
2015-10-23,http://www.ibtimes.com/press-release/20151023/vitusvet-urges-pet-owners-prepare-holidays-2154291,aapl,
2015-10-23,http://www.ibtimes.com/apple-pay-customers-use-service-more-frequently-other-mobile-payment-services-study-2154221,aapl,
2015-10-23,http://www.ibtimes.com/press-release/20151023/martha-stewarts-fourth-annual-american-made-program-announces-2015-honorees,aapl,
2015-10-23,http://www.ibtimes.com/press-release/20151023/southwest-airlines-cargo-flies-away-industry-leading-award-2154186,aapl,
2015-10-23,http://www.ibtimes.com/facebook-update-fixes-ios-battery-drain-problem-thats-killing-your-iphone-2153821,aapl,
2015-10-23,http://www.ibtimes.com/press-release/20151023/feeln-serves-breaking-bread-brooke-burke-2153932,aapl,
2015-10-22,http://www.ibtimes.com/press-release/20151022/global-server-market-forecasts-2015-2020-2153454,aapl,
2015-10-22,http://www.ibtimes.com/press-release/20151022/bookingcom-reveals-top-7-emerging-food-capitals-us-2153117,aapl,
2015-10-22,http://www.ibtimes.com/press-release/20151022/braeburn-pharmaceuticals-commends-president-obamas-commitment-improving,aapl,
2015-10-22,http://www.ibtimes.com/press-release/20151022/global-fingerprint-biometrics-market-2015-2019-reportlinker-review-2153063,aapl,
2015-10-22,http://www.ibtimes.com/alphabet-inc-goog-q3-2015-earnings-mobile-carries-google-strong-results-2152899,aapl,
2015-10-22,http://www.ibtimes.com/tidal-x-1020-concert-gets-streaming-audience-33-million-bigger-super-bowls-2152838,aapl,
2015-10-22,http://www.ibtimes.com/apple-supplier-factory-shanghai-rife-labor-abuses-report-2152722,aapl,
2015-10-22,http://www.ibtimes.com/press-release/20151022/pay-your-selfie-launches-halloween-selfie-contest-2152812,aapl,
2015-10-22,http://www.ibtimes.com/samsung-layoffs-more-moves-wont-surprise-company-best-positioned-lead-consolidating-2152255,aapl,
2015-10-22,http://www.ibtimes.com/theranos-presses-pause-real-healthcare-revolution-happening-artificial-intelligence-2152001,aapl,
2015-10-22,http://www.ibtimes.com/iphone-q1-2016-sales-estimates-apple-incs-smartphone-sales-may-decline-first-time-2152449,aapl,
2015-10-22,http://www.ibtimes.com/press-release/20151022/bellucci-wins-best-communications-strategy-award-anuga-2015-new-app-2152330,aapl,
2015-10-22,http://www.ibtimes.com/press-release/20151022/branch-deepviews-update-helps-companies-drive-traffic-their-mobile-app,aapl,
2015-10-22,http://www.ibtimes.com/press-release/20151022/hard-cider-gets-its-own-glass-angry-orchard-introduces-orchard-glass-2152369,aapl,
2015-10-22,http://www.ibtimes.com/press-release/20151022/cyclecast-launches-new-audio-based-fitness-app-go-indoor-cycling-classes,aapl,
2015-10-22,http://www.ibtimes.com/iphone-7-rumors-apple-inc-invents-active-screen-protector-make-shattered-displays-2152155,aapl,
2015-10-22,http://www.ibtimes.com/press-release/20151022/la-auto-shows-connected-car-expo-draws-new-auto-industry-pioneers-top,aapl,
2015-10-22,http://www.ibtimes.com/windows-10-update-threshold-2-rumor-roundup-no-edge-extensions-november-launch-2152010,aapl,
2015-10-22,http://www.ibtimes.com/new-oceanhorn-update-has-ultra-quality-graphics-ios-9-2151666,aapl,
2015-10-22,http://www.ibtimes.com/press-release/20151022/mirrorlink-strategy-analytics-expert-user-evaluation-2151863,aapl,
2015-10-22,http://www.ibtimes.com/xiaomi-loses-title-chinas-top-smartphone-company-huawei-it-considers-us-expansion-2151782,aapl,
2015-10-22,http://www.ibtimes.com/samsung-may-lay-staff-india-cost-cutting-effort-report-2151660,aapl,
2015-10-22,http://www.ibtimes.com/apple-ramp-solar-investment-china-bid-clean-supply-chain-2151643,aapl,
2015-10-22,http://www.ibtimes.com/press-release/20151022/new-hands-free-technologies-pose-hidden-dangers-drivers-2151620,aapl,
2015-10-21,http://www.ibtimes.com/youtube-offer-us-subscribers-paid-option-no-ads-2151439,aapl,
2015-10-21,http://www.ibtimes.com/how-twitter-inc-twtr-convinced-250000-mobile-app-developers-fabrics-worth-2151216,aapl,
2015-10-21,http://www.ibtimes.com/ios-91-update-includes-new-taco-emojis-oh-bug-fixes-too-2151003,aapl,
2015-10-21,http://www.ibtimes.com/press-release/20151021/profnet-experts-available-fcpa-probes-water-pollution-back-future-day-more,aapl,
2015-10-21,http://www.ibtimes.com/press-release/20151021/google-trims-3rd-quarter-lobbying-365-million-still-leads-16-tech-firms,aapl,
2015-10-21,http://www.ibtimes.com/press-release/20151021/agema-introduce-its-next-gen-open-networking-platforms-cloud-expo-2150829,aapl,
2015-10-21,http://www.ibtimes.com/press-release/20151021/yext-named-great-place-workr-2015-best-small-medium-workplaces-list-2150868,aapl,
2015-10-21,http://www.ibtimes.com/why-apple-tim-cook-are-leading-fight-against-cisa-government-surveillance-2149853,aapl,
2015-10-21,http://www.ibtimes.com/press-release/20151021/any-rboptions-traders-can-get-free-chevy-camaro-week-2150516,aapl,
2015-10-21,http://www.ibtimes.com/apple-watch-q4-2015-sales-estimates-how-many-smartwatches-did-apple-inc-sell-2150482,aapl,
2015-10-21,http://www.ibtimes.com/tidal-x-1020-concert-review-beyonce-nicki-minaj-highlight-weirdly-successful-event-2149782,aapl,
2015-10-21,http://www.ibtimes.com/microsoft-windows-10-mobile-payments-could-use-iris-scanning-authenticate-purchases-2150148,aapl,
2015-10-21,http://www.ibtimes.com/htc-one-a9-vs-lg-nexus-5x-android-60-marshmallow-powered-affordable-handsets-showdown-2149904,aapl,
2015-10-21,http://www.ibtimes.com/kate-winslet-show-natural-beauty-lancome-ads-says-no-retouched-photos-magazine-2149903,aapl,
2015-10-21,http://www.ibtimes.com/iphone-7-rumors-apple-axe-physical-home-button-include-larger-sapphire-display-2149777,aapl,
2015-10-20,http://www.ibtimes.com/apple-tells-us-judge-its-impossible-unlock-new-iphones-2149697,aapl,
2015-10-20,http://www.ibtimes.com/press-release/20151020/broadsword-age-chivalry-smashes-appler-ios-ipads-americas-asia-2149682,aapl,
2015-10-20,http://www.ibtimes.com/where-steve-jobs-buried-diehard-apple-fans-searching-unmarked-grave-travel-thousands-2149542,aapl,
2015-10-20,http://www.ibtimes.com/drake-meek-mill-feud-rapper-will-crash-nicki-minajs-rumored-wedding-object-marriage-2149519,aapl,
2015-10-20,http://www.ibtimes.com/press-release/20151020/apache-release-third-quarter-2015-results-nov-5-2149550,aapl,
2015-10-20,http://www.ibtimes.com/documentary-filmmakers-tap-new-distribution-models-reach-audiences-age-netflix-2149167,aapl,
2015-10-20,http://www.ibtimes.com/google-photos-hits-100-million-user-mark-5-months-after-launch-2149211,aapl,
2015-10-20,http://www.ibtimes.com/press-release/20151020/applepie-capital-partners-six-more-franchises-2149081,aapl,
2015-10-20,http://www.ibtimes.com/press-release/20151020/woodford-reserve-masters-collection-release-pays-homage-past-distillers,aapl,
2015-10-20,http://www.ibtimes.com/htc-one-a9-release-date-heres-when-you-can-purchase-htcs-iphone-6s-lookalike-2148740,aapl,
2015-10-20,http://www.ibtimes.com/press-release/20151020/wild-wisconsin-hop-featured-beer-release-2148648,aapl,
2015-10-20,http://www.ibtimes.com/press-release/20151020/drink-smarter-new-yorks-first-organic-beer-hit-shelves-fall-2148657,aapl,
2015-10-20,http://www.ibtimes.com/cnn-chases-super-positive-cord-cutters-facebook-targeted-video-network-great-big-2148572,aapl,
2015-10-20,http://www.ibtimes.com/surface-pro-4-microsofts-fastest-selling-biz-tablet-takes-ipad-pro-battle-enterprise-2148440,aapl,
2015-10-20,http://www.ibtimes.com/press-release/20151020/goldtouch-announces-push-bring-mobile-ergonomics-everyday-users-2148522,aapl,
2015-10-20,http://www.ibtimes.com/press-release/20151020/apple-watch-car-starter-vehicle-management-app-announced-connect2car-2148347,aapl,
2015-10-20,http://www.ibtimes.com/apple-inc-ios-app-store-suffers-major-security-blow-after-apps-caught-stealing-user-2148217,aapl,
2015-10-20,http://www.ibtimes.com/press-release/20151020/nestle-toll-house-unveils-2015-baking-season-trends-2148266,aapl,
2015-10-20,http://www.ibtimes.com/rubio-silicon-valley-tech-political-donations-flow-heavily-florida-senator-hillary-2129044,aapl,
2015-10-20,http://www.ibtimes.com/apple-iphone-6s-price-india-spurs-gray-market-sales-retail-chains-worry-report-2148094,aapl,
2015-10-20,http://www.ibtimes.com/facebook-killing-your-iphone-battery-heres-how-fix-it-2147900,aapl,
2015-10-20,http://www.ibtimes.com/press-release/20151020/top-ten-food-beverage-trends-youll-crave-2016-2148022,aapl,
2015-10-20,http://www.ibtimes.com/apple-tv-pre-orders-kick-oct-26-shipping-begins-next-week-2147884,aapl,
2015-10-20,http://www.ibtimes.com/apple-music-has-15-million-subscribers-65-million-them-are-paying-2147868,aapl,
2015-10-20,http://www.ibtimes.com/samsung-galaxy-s7s-force-touch-display-rumor-gets-boost-new-patent-filing-ahead-2147877,aapl,
2015-10-20,http://www.ibtimes.com/drakes-dance-moves-hotline-bling-take-internet-storm-2147850,aapl,
2015-10-20,http://www.ibtimes.com/ebay-deals-new-apple-ipad-air-2-retina-128gb-refurbished-iphone-6-64gb-under-massive-2147684,aapl,
2015-10-20,http://www.ibtimes.com/nexus-5x-vs-nexus-6p-custom-battery-life-scores-against-galaxy-s6-galaxy-note-5-2147661,aapl,
2015-10-20,http://www.ibtimes.com/press-release/20151020/its-stored-payment-solution-cellpoint-mobiles-travel-bank-mwallettm-now,aapl,
2015-10-19,http://www.ibtimes.com/press-release/20151019/global-3d-sensors-industry-reportlinker-review-2147719,aapl,
2015-10-19,http://www.ibtimes.com/press-release/20151019/global-multi-factor-authentication-mfa-industry-2147308,aapl,
2015-10-19,http://www.ibtimes.com/huawei-watch-review-classy-android-wear-smartwatch-its-no-apple-watch-2147139,aapl,
2015-10-19,http://www.ibtimes.com/tech-earnings-preview-ibm-corp-ibm-microsoft-msft-apple-aapl-face-china-slump-2147029,aapl,
2015-10-19,http://www.ibtimes.com/tidal-x-tickets-are-being-resold-thousands-dollars-streaming-service-seeks-momentum-2146771,aapl,
2015-10-19,http://www.ibtimes.com/press-release/20151019/rewards-good-grades-more-quarter-million-students-race-use-revolutionary-new,aapl,
2015-10-19,http://www.ibtimes.com/moto-x-pure-edition-review-motorolas-bulky-smartphone-wont-trouble-apples-iphone-or-2146620,aapl,
2015-10-19,http://www.ibtimes.com/press-release/20151019/dancing-deer-baking-company-redefines-daily-indulgences-introduction-its,aapl,
2015-10-19,http://www.ibtimes.com/justin-bieber-release-new-single-sorry-upcoming-album-purpose-friday-2146466,aapl,
2015-10-19,http://www.ibtimes.com/apples-project-titan-poaching-killed-electric-vehicle-startup-ceo-claims-2146422,aapl,
2015-10-19,http://www.ibtimes.com/press-release/20151019/vstock-transfer-launches-stock-transfer-industry-mobile-application-2146366,aapl,
2015-10-19,http://www.ibtimes.com/ben-affleck-jennifer-garner-split-gone-girl-stars-mother-helping-affleck-pick-pieces-2146295,aapl,
2015-10-19,http://www.ibtimes.com/press-release/20151019/m2m-iot-ecosystem-2015-2030-report-spending-m2m-iot-technologies-expected,aapl,
2015-10-19,http://www.ibtimes.com/press-release/20151019/akamai-content-security-meets-farncombes-standards-secure-ott-delivery,aapl,
2015-10-19,http://www.ibtimes.com/intel-chips-set-power-iphone-7-microsofts-surface-smartphone-2145992,aapl,
2015-10-19,http://www.ibtimes.com/apple-ipad-pro-release-date-imminent-november-first-week-it-gets-fcc-approval-2145915,aapl,
2015-10-19,http://www.ibtimes.com/press-release/20151019/hitrader-traders-community-investment-network-officially-launches-app-2145905,aapl,
2015-10-18,http://www.ibtimes.com/obama-meet-fortune-500-ceos-boost-support-climate-change-efforts-2145786,aapl,
2015-10-18,http://www.ibtimes.com/taylor-swift-becomes-highest-earning-musician-2015-over-1-million-day-income-2145740,aapl,
2015-10-18,http://www.ibtimes.com/apple-replace-macbook-displays-affected-staingate-reflective-coating-problems-2145688,aapl,
2015-10-18,http://www.ibtimes.com/press-release/20151018/new-lifx-color-1000-bulb-bringing-color-your-world-2145490,aapl,
2015-10-18,http://www.ibtimes.com/press-release/20151018/uaes-british-orchard-nursery-bags-prestigious-global-awards-international,aapl,
2015-10-17,http://www.ibtimes.com/anki-overdrive-review-robot-cars-controlled-iphones-can-replace-slot-cars-video-2144903,aapl,
2015-10-17,http://www.ibtimes.com/miranda-lambert-blake-shelton-update-over-you-singer-shares-skating-session-photos-2145208,aapl,
2015-10-16,http://www.ibtimes.com/press-release/20151016/warf-wins-patent-infringement-lawsuit-against-apple-inc-2145067,aapl,
2015-10-16,http://www.ibtimes.com/apple-ordered-pay-234m-u-wisconsin-patent-dispute-2144994,aapl,
2015-10-16,http://www.ibtimes.com/artificial-intelligence-here-help-you-pick-right-shoes-2144114,aapl,
2015-10-16,http://www.ibtimes.com/press-release/20151016/eat-spinach-grow-strong-yes-theres-so-much-more-2144342,aapl,
2015-10-16,http://www.ibtimes.com/rose-gold-galaxy-note-5-unveiled-samsung-apple-iphone-6s-south-korean-sales-loom-2144215,aapl,
2015-10-16,http://www.ibtimes.com/press-release/20151016/rasmussen-college-strengthens-commitment-providing-affordable-degree-options,aapl,
2015-10-16,http://www.ibtimes.com/press-release/20151016/alex-ani-announces-departure-ryan-bonifacino-2144072,aapl,
2015-10-16,http://www.ibtimes.com/press-release/20151016/clash-kings-ios-continues-grow-popularity-app-store-too-2143836,aapl,
2015-10-16,http://www.ibtimes.com/press-release/20151016/quanta-services-announces-preliminary-third-quarter-results-2143860,aapl,
2015-10-16,http://www.ibtimes.com/press-release/20151016/frost-sullivan-gil-asia-pacific-singapores-future-growth-be-driven-innovation,aapl,
2015-10-16,http://www.ibtimes.com/apple-ipad-mini-2-retina-32gb-w-fi-variant-price-cut-42-ebay-2143387,aapl,
2015-10-15,http://www.ibtimes.com/gogo-squeez-applesauce-mold-recall-how-find-out-if-youre-affected-or-if-your-child-2143293,aapl,
2015-10-15,http://www.ibtimes.com/press-release/20151015/southwest-airlines-hispanic-association-colleges-universities-recognized,aapl,
2015-10-15,http://www.ibtimes.com/press-release/20151015/american-osteopathic-college-occupational-preventive-medicine-brings-popular,aapl,
2015-10-15,http://www.ibtimes.com/press-release/20151015/kroger-withdraws-unrefrigerated-caramel-apples-due-potential-food-safety-risk,aapl,
2015-11-13,http://www.thestreet.com/story/13365604/1/how-will-apple-aapl-stock-react-to-beats-music-s-demise.html?puc=bloomberg&cm_ven=BLOOMBERG,aapl,
2015-11-13,http://www.bloomberg.com/news/articles/2015-11-13/apple-s-13-inch-ipad-pro-up-close-igxdru4c,aapl,
2015-11-13,http://www.bloomberg.com/news/videos/2015-11-13/apple-s-13-inch-ipad-pro-up-close,aapl,
2015-11-12,http://www.bloomberg.com/news/articles/2015-11-12/apple-said-to-plan-peer-payments-to-tap-into-millennials-demand,aapl,
2015-11-12,http://www.thestreet.com/story/13363435/1/stocks-fall-back-to-lows-as-crude-oil-drops.html?puc=bloomberg&cm_ven=BLOOMBERG,aapl,
2015-11-12,http://www.thestreet.com/story/13363004/1/stocks-slip-as-fed-s-bullard-argues-for-rate-hike.html?puc=bloomberg&cm_ven=BLOOMBERG,aapl,
2015-11-12,http://www.thestreet.com/story/13363205/1/more-squawk-from-jim-cramer-apple-aapl-stock-can-t-get-out-of-its-own-way.html?puc=bloomberg&cm_ven=BLOOMBERG,aapl,
2015-11-12,http://www.thestreet.com/story/13363208/1/apple-aapl-stock-up-ipad-pro-chip-a-threat-to-intel-pc-dominance.html?puc=bloomberg&cm_ven=BLOOMBERG,aapl,
2015-11-11,http://www.bloomberg.com/news/articles/2015-11-11/osborne-meets-apple-s-cook-in-drive-to-push-fintech-in-britain,aapl,
2015-11-11,http://www.bloomberg.com/news/videos/2015-11-11/apple-s-role-in-revolutionizing-science-education,aapl,
2015-11-11,http://www.bloomberg.com/news/articles/2015-11-11/apple-ipad-pro-review-bigger-better-,aapl,
2015-11-11,http://www.bloomberg.com/news/articles/2015-11-11/apple-lays-out-irish-expansion-plan-braces-for-tax-ruling,aapl,
2015-11-11,http://www.bloomberg.com/news/articles/2015-11-11/bringing-your-apple-watch-to-work-seen-key-to-ramp-up-adoption,aapl,
2015-11-11,http://www.bloomberg.com/news/articles/2015-11-11/apple-r-d-investment-to-meet-indonesia-phone-rule-says-minister,aapl,
2015-11-10,http://www.bloomberg.com/news/articles/2015-11-10/is-the-iphone-cutting-edge-the-answer-may-open-india-to-apple,aapl,
2015-11-10,http://www.bloomberg.com/news/articles/2015-11-10/u-s-futures-fall-after-worst-stock-drop-in-6-weeks-gap-slides,aapl,
2015-11-10,http://www.bloomberg.com/news/articles/2015-11-10/mtn-mimics-apple-as-rain-maker-returns-to-rescue-it-from-crisis,aapl,
2015-11-10,http://www.bloomberg.com/news/articles/2015-11-10/carlos-slim-s-mexican-retailer-gets-a-boost-from-apple-fanatics,aapl,
2015-11-09,http://www.bloomberg.com/news/articles/2015-11-09/vestager-lauds-tax-decisions-as-she-reviews-apple-amazon-cases,aapl,
2015-11-07,http://www.bloomberg.com/news/articles/2015-11-07/apple-wins-dismissal-of-suit-over-retail-workers-bag-searches,aapl,
2015-11-13,http://techcrunch.com/2015/11/13/tim-cook-on-apple-employees-refusing-to-let-black-students-enter-store-customer-respect-is-the-foundation-of-everything-apple-does/,aapl
2015-11-12,http://techcrunch.com/2015/11/13/beats-music-to-shut-down-on-november-30/,aapl
2015-11-12,http://techcrunch.com/2015/11/12/f-uxd-apple-says-screen-brightness-app-violates-developer-agreement/,aapl
2015-11-12,http://techcrunch.com/2015/11/12/all-mac-store-apps-stopped-working-due-to-expired-security-certificate/,aapl
2015-11-11,http://techcrunch.com/2015/11/11/apples-encryption-fight-turns-to-the-uk/,aapl
2015-11-11,http://techcrunch.com/2015/11/11/apple-may-launch-venmo-competitor/,aapl
2015-11-10,http://techcrunch.com/2015/11/11/test-2/,aapl
2015-11-10,http://techcrunch.com/2015/11/11/ipad-pro-now-available-to-pre-order/,aapl
2015-11-9,http://techcrunch.com/2015/11/09/china-cracks-down-on-internet-music-services/,aapl
2015-11-9,http://techcrunch.com/2015/11/09/apple-kicks-off-ipad-pro-marketing-with-ads-focused-on-split-screen-and-pencil/,aapl
2015-11-6,http://techcrunch.com/2015/11/06/the-tech-gender-gap-has-only-gotten-worse-but-steve-jobs-contemporaries-think-it-can-be-fixed/,aapl
2015-11-6,http://techcrunch.com/2015/11/06/innovating-in-a-world-of-patent-lawsuits/,aapl
2015-11-6,http://techcrunch.com/2015/11/06/apple-debuts-a-new-shopping-category-on-the-app-store/,aapl
2015-11-5,http://techcrunch.com/2015/11/05/walgreens-becomes-first-retailer-to-integrate-its-loyalty-program-with-apple-pay/,aapl
2015-11-4,http://techcrunch.com/2015/11/04/apple-tv-updated-with-a-new-categories-section/,aapl
2015-11-2,http://techcrunch.com/2015/11/02/apple-adds-a-top-charts-section-to-the-apple-tv-app-store/,aapl
2015-11-2,http://techcrunch.com/2015/11/02/apple-tv-app-store-tops-1000-apps-games-video-apps-dominate-but-discovery-is-a-challenge/,aapl
2015-10-30,http://techcrunch.com/2015/10/30/crunchweek-apple-is-rich-zenefits-versus-adp-and-facebooks-phone-number-battle/,aapl
2015-10-30,http://techcrunch.com/2015/10/30/in-a-rare-move-apple-discounts-the-apple-watch-with-new-iphone-purchases-in-some-stores/,aapl
2015-10-30,http://techcrunch.com/2015/10/30/the-apple-tv-is-now-available-in-stores/,aapl
2015-10-28,http://techcrunch.com/2015/10/28/apple-shows-off-its-first-ever-piece-of-virtual-reality-content/,aapl
2015-10-27,http://techcrunch.com/2015/10/27/apple-pay-hitting-canada-and-australia-in-2015-spain-and-more-in-2016/,aapl
2015-10-27,http://techcrunch.com/2015/10/27/48-million-in-iphone-sales-leads-apples-q4-2015-earnings/,aapl
2015-10-27,http://techcrunch.com/2015/10/27/apple-q4-earnings-live-blog/,aapl
2015-10-26,http://techcrunch.com/2015/10/27/apple-finally-rolls-out-carrier-billing-for-itunes-starting-in-germany-with-o2/,aapl
2015-10-25,http://techcrunch.com/2015/10/25/new-iphone-6s-ads-tout-new-camera-and-hey-siri-tech-boast-jamie-foxx-and-steph-curry-cameos/,aapl
2015-10-21,http://techcrunch.com/2015/10/21/apple-reveals-solar-energy-programs-to-clean-up-its-manufacturing-partners-in-china/,aapl
2015-10-19,http://techcrunch.com/2015/10/19/tim-cook-says-apple-music-has-6-5m-paying-users/,aapl
2015-10-19,http://techcrunch.com/2015/10/19/hundreds-of-apps-banned-from-app-store-for-accessing-users-personal-information/,aapl
2015-10-15,http://techcrunch.com/2015/10/16/fashion-and-tech-collide-again-as-apples-jony-ive-will-co-host-met-gala/,aapl
2015-10-15,http://techcrunch.com/2015/10/16/apple-updates-iwork-apps-on-all-platforms-with-major-new-features/,aapl
2015-10-15,http://techcrunch.com/2015/10/16/apple-focuses-on-3d-touch-with-new-iphone-6s-ad/,aapl
2015-10-15,http://techcrunch.com/2015/10/15/apple-expands-researchkit-to-autism-epilepsy-and-melanoma-studies/,aapl
2015-10-13,http://techcrunch.com/2015/10/14/apple-faces-862m-in-damages-after-patent-lawsuit-loss-to-university-of-wisconsin/,aapl