date,article,msft
2015-11-12,http://www.fool.com/investing/general/2015/11/12/hands-on-with-the-new-apple-ipad-pro.aspx,msft,
2015-11-12,http://www.fool.com/investing/general/2015/11/12/why-microsoft-corporation-bought-secure-islands.aspx,msft,
2015-11-12,http://www.fool.com/investing/general/2015/11/12/microsoft-wants-you-to-ditch-your-mac-for-a-surfac.aspx,msft,
2015-11-12,http://www.fool.com/investing/general/2015/11/11/this-promotion-shows-how-microsoft-thinks-about-mo.aspx,msft,
2015-11-12,http://www.fool.com/investing/general/2015/11/11/is-alphabet-inc-about-to-release-a-new-operating-s.aspx,msft,
2015-11-10,http://www.fool.com/investing/general/2015/11/10/everything-you-need-to-know-about-microsofts-xbox.aspx,msft,
2015-11-10,http://www.fool.com/investing/general/2015/11/10/2-ways-microsoft-and-google-are-following-apples-l.aspx,msft,
2015-11-10,http://www.fool.com/investing/general/2015/11/10/why-rackspace-hosting-inc-jumped-on-tuesday.aspx,msft,
2015-11-10,http://www.fool.com/investing/general/2015/11/10/how-red-hat-inc-gained-10-in-october.aspx,msft,
2015-11-10,http://www.fool.com/investing/general/2015/11/10/critics-love-microsofts-surface-book.aspx,msft,
2015-11-09,http://www.fool.com/investing/general/2015/11/09/microsoft-corporation-takes-a-breather-in-the-clou.aspx,msft,
2015-11-09,http://www.fool.com/investing/general/2015/11/09/microsoft-corporation-doesnt-care-about-xbox-one-s.aspx,msft,
2015-11-08,http://www.fool.com/investing/general/2015/11/08/sony-goes-on-the-offensive-versus-microsofts-xbox.aspx,msft,
2015-11-06,http://www.fool.com/investing/general/2015/11/06/microsofts-bing-is-profitable-thanks-to-windows-10.aspx,msft,
2015-11-05,http://www.fool.com/investing/general/2015/11/05/better-buy-microsoft-corp-vs-ibm.aspx,msft,
2015-11-04,http://www.fool.com/investing/general/2015/11/04/microsoft-taking-steps-to-speed-up-windows-10-adop.aspx,msft,
2015-11-03,http://www.fool.com/investing/general/2015/11/03/3-top-tech-stocks-to-buy-in-november.aspx,msft,
2015-11-03,http://www.fool.com/investing/general/2015/11/03/5-income-juggernauts-you-can-safely-buy-in-your-80.aspx,msft,
2015-11-02,http://www.fool.com/investing/general/2015/11/02/microsoft-corporation-stock-spikes-due-to-cloud-gr.aspx,msft,
2015-11-13,http://www.ibtimes.com/hired-gun-hacking-linked-jp-morgan-fidelity-breaches-2184300,msft,
2015-11-13,http://www.ibtimes.com/press-release/20151113/performance-designed-products-llc-dominates-third-party-accessories-market,msft,
2015-11-13,http://www.ibtimes.com/fallout-4-sales-record-breaking-12-million-copies-worth-750-million-sold-launch-2183997,msft,
2015-11-13,http://www.ibtimes.com/press-release/20151113/medflow-inc-launches-medflow-20-ehr-system-2184025,msft,
2015-11-13,http://www.ibtimes.com/press-release/20151113/apttus-recognized-one-fastest-growing-companies-north-america-deloittes-2015,msft,
2015-11-13,http://www.ibtimes.com/press-release/20151113/remoto-la-auto-show-2015-bright-box-presents-turnkey-connected-smart-car,msft,
2015-11-13,http://www.ibtimes.com/press-release/20151113/customers-kickoff-10000-new-projects-smartsheet-daily-making-it-one-top-five,msft,
2015-11-13,http://www.ibtimes.com/game-awards-2015-nominees-geoff-keighley-reveals-whats-store-year-two-2183153,msft,
2015-11-13,http://www.ibtimes.com/halo-5-guardians-new-battle-shadow-light-dlc-brings-new-weapons-team-battle-2182752,msft,
2015-11-13,http://www.ibtimes.com/sony-microsoft-tease-more-games-coming-playstation-experience-2015-playable-lineup-2182714,msft,
2015-11-12,http://www.ibtimes.com/press-release/20151112/world-personal-cloud-market-opportunities-forecasts-2014-2020-byod-among,msft,
2015-11-12,http://www.ibtimes.com/press-release/20151112/valueact-capital-discloses-sale-shares-microsoft-corporation-2182348,msft,
2015-11-12,http://www.ibtimes.com/press-release/20151112/healthcare-it-market-uae-2015-2019-2182172,msft,
2015-11-12,http://www.ibtimes.com/press-release/20151112/altera-fpgas-accelerate-servers-texas-advanced-computing-center-2182369,msft,
2015-11-12,http://www.ibtimes.com/press-release/20151112/global-learning-analytics-market-research-report-2015-2019-2182042,msft,
2015-11-12,http://www.ibtimes.com/windows-10-xbox-arrives-microsoft-woos-developers-universal-apps-2181657,msft,
2015-11-12,http://www.ibtimes.com/press-release/20151112/wundermans-kbm-group-named-strong-performer-zipline-data-management-platform,msft,
2015-11-12,http://www.ibtimes.com/windows-10-update-microsoft-rolling-out-first-major-upgrade-entice-business-get-board-2181452,msft,
2015-11-12,http://www.ibtimes.com/press-release/20151112/launchpad-are-accelerating-their-growth-appointment-chief-sales-officer,msft,
2015-11-12,http://www.ibtimes.com/xbox-one-gets-xbox-360-backwards-compatibility-play-gears-war-fallout-3-fable-ii-2181192,msft,
2015-11-12,http://www.ibtimes.com/press-release/20151112/worlds-largest-ibeacon-network-emerges-2181249,msft,
2015-11-12,http://www.ibtimes.com/press-release/20151112/flexe-raises-44m-fuel-growth-demand-warehousing-business-2181145,msft,
2015-11-12,http://www.ibtimes.com/press-release/20151112/sahara-group-urges-global-partnerships-zero-poverty-2181040,msft,
2015-11-12,http://www.ibtimes.com/microsoft-offers-european-users-local-data-centers-deutsche-telekom-after-safe-harbor-2180873,msft,
2015-11-11,http://www.ibtimes.com/press-release/20151111/cogobuy-announces-2015-third-quarter-unaudited-operation-results-2180772,msft,
2015-11-11,http://www.ibtimes.com/press-release/20151111/global-connected-living-room-industry-2180659,msft,
2015-11-11,http://www.ibtimes.com/press-release/20151111/sdi-summit-reports-registration-zooming-way-above-projections-2179877,msft,
2015-11-11,http://www.ibtimes.com/press-release/20151111/intacct-delivers-strong-fiscal-q1-results-44-percent-growth-new-bookings,msft,
2015-11-11,http://www.ibtimes.com/press-release/20151111/chelsio-demonstrate-high-performance-cuda-clustering-40g-ethernet-nvidia,msft,
2015-11-11,http://www.ibtimes.com/tim-cook-microsofts-surface-book-deluded-ipad-will-return-growth-2179484,msft,
2015-11-11,http://www.ibtimes.com/press-release/20151111/cireson-joins-experts-live-silver-sponsor-2179436,msft,
2015-11-11,http://www.ibtimes.com/black-friday-2015-deals-iphone-6s-apple-watch-galaxy-note-5-galaxy-s6-edge-s6-edge-2179149,msft,
2015-11-11,http://www.ibtimes.com/press-release/20151111/strategy-analytics-androids-developer-tools-lag-behind-apple-microsoft,msft,
2015-11-11,http://www.ibtimes.com/microsoft-lumia-950-xl-lumia-950-lumia-550-surface-pro-4-release-date-price-2178993,msft,
2015-11-11,http://www.ibtimes.com/press-release/20151111/vaultize-showcasing-its-enterprise-digital-rights-management-secure-file,msft,
2015-11-11,http://www.ibtimes.com/windows-10-mobile-update-schedule-old-lumia-phones-surfaces-2178866,msft,
2015-11-10,http://www.ibtimes.com/press-release/20151110/global-lcos-projector-market-2015-2019-2178502,msft,
2015-11-10,http://www.ibtimes.com/microsofts-first-uk-data-center-addresses-privacy-concerns-shows-satya-nadellas-focus-2177702,msft,
2015-11-10,http://www.ibtimes.com/press-release/20151110/microsoft-dynamics-ax-provides-enhanced-functionality-automotive-industry,msft,
2015-11-10,http://www.ibtimes.com/press-release/20151110/learning-analytics-market-reach-2144-million-2019-growing-25-cagr-2177627,msft,
2015-11-10,http://www.ibtimes.com/microsoft-ceo-satya-nadella-shows-iphone-pro-reveals-how-much-time-he-spends-email-2177298,msft,
2015-11-10,http://www.ibtimes.com/lumia-950-release-date-delayed-due-windows-hello-iris-scanner-issues-2177283,msft,
2015-11-10,http://www.ibtimes.com/apples-ipad-pro-finally-heralds-post-pc-era-tim-cook-2176989,msft,
2015-11-10,http://www.ibtimes.com/press-release/20151110/epson-adds-two-portable-projectors-its-ex-series-smbs-2177017,msft,
2015-11-09,http://www.ibtimes.com/press-release/20151109/raging-capital-urges-shareholders-vote-against-mellanox-merger-election-ken,msft,
2015-11-09,http://www.ibtimes.com/press-release/20151109/beekeeper-data-raises-550k-launches-their-reporting-platform-hadoop-spark,msft,
2015-11-09,http://www.ibtimes.com/press-release/20151109/jive-appoints-electronic-arts-executive-gabrielle-toledano-board-directors,msft,
2015-11-09,http://www.ibtimes.com/press-release/20151109/jive-software-announces-third-quarter-2015-financial-results-2176298,msft,
2015-11-09,http://www.ibtimes.com/xbox-one-backwards-compatibility-all-104-xbox-360-games-available-launch-revealed-2176061,msft,
2015-11-09,http://www.ibtimes.com/ipad-pro-release-date-revealed-apple-inc-takes-surface-pro-4-2175742,msft,
2015-11-09,http://www.ibtimes.com/press-release/20151109/te-connectivity-razorfish-expand-partnership-drive-digital-transformation,msft,
2015-11-09,http://www.ibtimes.com/press-release/20151109/virtual-reality-gaming-market-expand-392-cagr-2013-2019-thanks-rising,msft,
2015-11-09,http://www.ibtimes.com/press-release/20151109/logicalis-global-survey-nearly-half-all-cios-transitioning-internal-service,msft,
2015-11-09,http://www.ibtimes.com/press-release/20151109/episerver-announces-product-convergence-milestone-digital-experience-cloud,msft,
2015-11-09,http://www.ibtimes.com/press-release/20151109/sahara-group-joins-un-sdgf-others-sustainability-report-launch-2174920,msft,
2015-11-08,http://www.ibtimes.com/activist-stampede-drives-board-directors-shareholders-arms-2174548,msft,
2015-11-08,http://www.ibtimes.com/coding-boot-camps-go-after-veterans-take-silicon-valleys-vacant-tech-jobs-2174421,msft,
2015-11-06,http://www.ibtimes.com/zero-day-software-flaws-center-data-security-debate-2174123,msft,
2015-11-06,http://www.ibtimes.com/press-release/20151106/apttus-global-philanthropic-efforts-set-example-growing-companies-2173694,msft,
2015-11-06,http://www.ibtimes.com/press-release/20151106/wgu-announces-125000-new-scholarships-veterans-2173573,msft,
2015-11-06,http://www.ibtimes.com/yo-kai-watch-fever-finally-reaches-north-america-nintendo-3ds-release-2173522,msft,
2015-11-06,http://www.ibtimes.com/press-release/20151106/retail-analytics-market-worth-usd-51-billion-usd-2020-2173442,msft,
2015-11-06,http://www.ibtimes.com/press-release/20151106/university-connecticuts-womens-basketball-head-coach-geno-auriemma-presented,msft,
2015-11-06,http://www.ibtimes.com/press-release/20151106/comscore-reports-september-2015-us-smartphone-subscriber-market-share-2173149,msft,
2015-11-06,http://www.ibtimes.com/press-release/20151106/office-365-users-must-be-concerned-about-protecting-confidential-email-data,msft,
2015-11-06,http://www.ibtimes.com/press-release/20151106/hybrid-pc-market-revenue-grow-215-cagr-2019-cloud-computing-investment,msft,
2015-11-06,http://www.ibtimes.com/press-release/20151106/augmented-reality-market-worth-568-billion-usd-2020-2172975,msft,
2015-11-06,http://www.ibtimes.com/press-release/20151106/raging-capital-urges-shareholders-not-allow-mellanox-capture-all-upside,msft,
2015-11-06,http://www.ibtimes.com/best-buy-pre-black-friday-sale-bring-attractive-discounts-apple-tv-macbook-air-2172524,msft,
2015-11-06,http://www.ibtimes.com/apple-ipad-pro-pencil-release-update-survey-says-75-apple-fans-are-waiting-2-1-tablet-2172517,msft,
2015-11-05,http://www.ibtimes.com/press-release/20151105/healthcare-mobility-solutions-market-products-services-application-end-user,msft,
2015-11-05,http://www.ibtimes.com/press-release/20151105/hybrid-device-market-global-industry-analysis-size-share-growth-trends,msft,
2015-11-05,http://www.ibtimes.com/press-release/20151105/ebridge-connections-extends-integration-capabilities-releases-connector,msft,
2015-11-05,http://www.ibtimes.com/press-release/20151105/software-service-saas-market-global-industry-analysis-size-share-growth,msft,
2015-11-05,http://www.ibtimes.com/press-release/20151105/meteor-flatiron-school-announce-scholarship-program-teach-coding-high-school,msft,
2015-11-05,http://www.ibtimes.com/press-release/20151105/smb-it-market-bric-2015-2019-reportlinker-review-2172133,msft,
2015-11-05,http://www.ibtimes.com/press-release/20151105/ceo-power-light-intriguing-new-executive-book-2171734,msft,
2015-11-05,http://www.ibtimes.com/facebook-inc-fb-stock-5-percent-securing-social-networks-spot-300-billion-club-2170918,msft,
2015-11-05,http://www.ibtimes.com/blackberry-os-days-numbered-canadian-smartphone-maker-loses-more-ground-2170756,msft,
2015-11-05,http://www.ibtimes.com/press-release/20151105/verificient-technologies-joins-student-privacy-pledge-2170671,msft,
2015-11-05,http://www.ibtimes.com/press-release/20151105/american-girlr-debuts-new-digital-content-girls-about-girls-starring-girls,msft,
2015-11-05,http://www.ibtimes.com/microsofts-satya-nadella-talks-productivity-heritage-google-challenges-office-365-2170469,msft,
2015-11-05,http://www.ibtimes.com/playstation-4-free-game-will-be-available-massive-discount-price-299-nov-14-2170417,msft,
2015-11-05,http://www.ibtimes.com/one-direction-perform-2015-american-music-awards-charlie-puth-meghan-trainor-joins-2170414,msft,
2015-11-04,http://www.ibtimes.com/press-release/20151104/former-microsoft-executive-dr-shipeng-li-appointed-chief-technology-officer,msft,
2015-11-04,http://www.ibtimes.com/press-release/20151104/coca-cola-campaign-wins-connection-strategy-prize-2170281,msft,
2015-11-04,http://www.ibtimes.com/britain-unveils-web-spying-plan-raising-privacy-fears-2170130,msft,
2015-11-04,http://www.ibtimes.com/press-release/20151104/not-one-three-prizes-sf-bay-area-commuter-app-2170006,msft,
2015-11-04,http://www.ibtimes.com/who-worlds-most-powerful-person-russias-vladimir-putin-tops-new-forbes-list-2169615,msft,
2015-11-04,http://www.ibtimes.com/press-release/20151104/global-content-delivery-network-market-cdn-country-united-states-canada-india,msft,
2015-11-04,http://www.ibtimes.com/california-companies-struggle-combat-human-trafficking-slavery-compliance-2169350,msft,
2015-11-04,http://www.ibtimes.com/press-release/20151104/experian-marketing-services-appoints-digital-marketing-veteran-bridget,msft,
2015-11-04,http://www.ibtimes.com/tinder-about-increase-your-chances-match-30-2169352,msft,
2015-11-04,http://www.ibtimes.com/press-release/20151104/ea-sports-nfl-players-association-discovery-education-team-ea-sports-madden,msft,
2015-11-04,http://www.ibtimes.com/why-netflix-spotify-groupon-other-sites-make-it-almost-impossible-delete-your-account-2160388,msft,
2015-11-04,http://www.ibtimes.com/amazons-first-brick-mortar-bookstore-befuddles-seattle-vexes-indie-booksellers-2168484,msft,
2015-11-04,http://www.ibtimes.com/press-release/20151104/cloud-iam-market-forecast-analysis-2020-2168823,msft,
2015-11-04,http://www.ibtimes.com/press-release/20151104/attunity-reports-record-revenues-third-quarter-2015-2168826,msft,
2015-11-04,http://www.ibtimes.com/microsoft-cuts-down-free-onedrive-cloud-storage-5gb-office-365-unlimited-storage-2168473,msft,
2015-11-04,http://www.ibtimes.com/rares-sea-thieves-wont-appear-again-till-2016-2168215,msft,
2015-11-04,http://www.ibtimes.com/microsoft-lumia-950-alleged-video-shows-brilliant-4k-video-prowess-new-smartphone-2168196,msft,
2015-11-04,http://www.ibtimes.com/press-release/20151104/microsoft-military-affairs-expands-base-it-training-program-new-us-locations,msft,
2015-11-03,http://www.ibtimes.com/press-release/20151103/honeydippedcom-starts-accepting-bitcoin-apple-watch-gold-plating-pre-plated,msft,
2015-11-03,http://www.ibtimes.com/us-energy-tech-stocks-nasdaq-100-sets-record-2168123,msft,
2015-11-03,http://www.ibtimes.com/press-release/20151103/it-market-gcc-2015-2019-reportlinker-review-2168114,msft,
2015-11-03,http://www.ibtimes.com/press-release/20151103/digital-rights-management-market-application-end-user-deployment-industry,msft,
2015-11-03,http://www.ibtimes.com/facebook-inc-fb-q3-2015-earnings-preview-video-ads-instagram-could-drive-revenue-437b-2167830,msft,
2015-11-03,http://www.ibtimes.com/press-release/20151103/grameen-foundation-announces-steve-hollingworth-new-ceo-2167897,msft,
2015-11-03,http://www.ibtimes.com/press-release/20151103/connectsolutions-webinar-how-evolving-elearning-landscape-creating-new,msft,
2015-11-03,http://www.ibtimes.com/surface-book-teardown-fixes-will-be-tough-ifixit-slams-microsoft-laptops-2167614,msft,
2015-11-03,http://www.ibtimes.com/activisions-59b-buy-candy-crush-maker-king-digital-all-about-our-mobile-gaming-2167260,msft,
2015-11-03,http://www.ibtimes.com/press-release/20151103/indix-launches-self-serve-access-product-api-2166845,msft,
2015-11-03,http://www.ibtimes.com/microsoft-end-windows-7-windows-81-sales-2016-windows-10-gains-steam-2166817,msft,
2015-11-03,http://www.ibtimes.com/press-release/20151103/leadspace-taps-brian-bachofner-accelerate-strategic-alliances-new-channel,msft,
2015-11-03,http://www.ibtimes.com/apple-ipad-pro-4-best-features-2166426,msft,
2015-11-03,http://www.ibtimes.com/press-release/20151103/audiocodes-reports-third-quarter-2015-results-2166311,msft,
2015-11-03,http://www.ibtimes.com/avail-microsoft-surface-pro-4-surface-book-trade-deal-best-buy-promo-ends-nov-7-2166183,msft,
2015-11-03,http://www.ibtimes.com/press-release/20151103/retail-banks-ict-investment-trends-patterns-end-2016-2166289,msft,
2015-11-02,http://www.ibtimes.com/amazon-expands-benefits-boosts-its-paid-maternity-leave-birth-mothers-adds-paid-2165856,msft,
2015-11-02,http://www.ibtimes.com/press-release/20151102/opentext-named-leader-gartners-magic-quadrant-enterprise-content-management,msft,
2015-11-02,http://www.ibtimes.com/press-release/20151102/onx-enterprise-solutions-appoints-michael-j-aniballi-president-momentum,msft,
2015-11-02,http://www.ibtimes.com/new-xbox-one-experience-gets-update-preview-microsoft-rolls-out-loyalty-rewards-2164508,msft,
2015-10-30,http://www.ibtimes.com/report-microsoft-windows-10-update-going-make-your-pc-lot-more-mac-2163294,msft,
2015-10-30,http://www.ibtimes.com/htcs-future-doubt-how-chinese-rivals-xiaomi-huawei-undercut-taiwans-once-dominant-2163237,msft,
2015-10-30,http://www.ibtimes.com/meet-laura-bailey-voice-behind-world-warcrafts-jaina-proudmoore-spartan-vale-halo-5-2162296,msft,
2015-10-30,http://www.ibtimes.com/windows-10-coming-your-pc-even-if-you-didnt-ask-it-2162992,msft,
2015-10-29,http://www.ibtimes.com/google-fold-desktop-based-chrome-os-more-popular-android-operating-system-report-says-2162677,msft,
2015-10-29,http://www.ibtimes.com/press-release/20151029/hcl-technologies-acquires-crm-services-provider-powerobjects-2162468,msft,
2015-10-29,http://www.ibtimes.com/press-release/20151029/bt-group-plc-results-second-quarter-half-year-30-september-2015-2162344,msft,
2015-10-29,http://www.ibtimes.com/press-release/20151029/global-predictive-analytics-market-research-report-2015-2019-market-grow-cagr,msft,
2015-10-29,http://www.ibtimes.com/how-live-stream-video-games-twitch-youtube-gaming-any-budget-2160659,msft,
2015-10-29,http://www.ibtimes.com/ps4-vs-xbox-one-sony-posts-4-million-playstation-4-units-sold-q2-293-million-total-2161708,msft,
2015-10-29,http://www.ibtimes.com/press-release/20151029/gravity-softwaretm-conjunction-microsoft-dynamics-crm-online-offers-special,msft,
2015-10-29,http://www.ibtimes.com/gigantic-samsung-galaxy-view-tablet-official-now-whopping-184-display-lte-support-2161460,msft,
2015-10-28,http://www.ibtimes.com/gop-debate-2015-marco-rubio-defends-h1b-visas-amid-criticism-questions-microsoft-2160512,msft,
2015-10-28,http://www.ibtimes.com/press-release/20151028/cyber-security-market-solution-global-forecast-2020-reportlinker-review,msft,
2015-10-28,http://www.ibtimes.com/press-release/20151028/hornbeck-offshore-announces-third-quarter-2015-results-2160803,msft,
2015-10-28,http://www.ibtimes.com/nintendo-reveal-first-smartphone-game-will-it-be-1up-2160522,msft,
2015-10-28,http://www.ibtimes.com/world-series-live-streaming-after-fox-outage-should-network-be-worrying-about-move-2160538,msft,
2015-10-28,http://www.ibtimes.com/microsofts-fifth-avenue-store-crucial-success-surface-pro-4-surface-book-2160106,msft,
2015-10-28,http://www.ibtimes.com/surface-pro-4-teardown-reveals-its-almost-impossible-repair-key-parts-2160051,msft,
2015-10-28,http://www.ibtimes.com/press-release/20151028/onset-intelligent-oil-gas-field-global-big-data-oil-gas-exploration,msft,
2015-10-27,http://www.ibtimes.com/press-release/20151027/aol-ebay-clorox-company-fannie-mae-cox-enterprises-named-2015-technology,msft,
2015-10-27,http://www.ibtimes.com/press-release/20151027/verizon-doubles-size-secure-cloud-interconnect-footprint-asia-pacific-2159597,msft,
2015-10-27,http://www.ibtimes.com/press-release/20151027/maggie-wilderotter-joins-dreamworks-animations-board-directors-2159050,msft,
2015-10-27,http://www.ibtimes.com/halo-5-problems-are-minor-best-much-delight-gamers-2158637,msft,
2015-10-27,http://www.ibtimes.com/press-release/20151027/thyssenkrupp-launches-max-maximizing-urban-efficiency-leading-microsoft-azure,msft,
2015-10-27,http://www.ibtimes.com/press-release/20151027/minecraft-story-mode-telltale-games-series-now-available-stores-2158159,msft,
2015-10-27,http://www.ibtimes.com/press-release/20151027/webroot-laplink-make-cybersecurity-file-transfer-easy-2157980,msft,
2015-10-27,http://www.ibtimes.com/press-release/20151027/templafy-attracts-more-capital-tech-giants-2158007,msft,
2015-10-27,http://www.ibtimes.com/microsoft-surface-smartphone-works-evidence-found-2157788,msft,
2015-10-27,http://www.ibtimes.com/alibaba-set-lead-1b-funding-round-google-backed-magic-leap-augmented-reality-startup-2157746,msft,
2015-10-26,http://www.ibtimes.com/press-release/20151026/global-mobile-yellow-pages-industry-2157577,msft,
2015-10-26,http://www.ibtimes.com/press-release/20151026/augmented-reality-paradigm-shift-begins-reportlinker-review-2157359,msft,
2015-10-26,http://www.ibtimes.com/press-release/20151026/global-data-center-power-market-2015-2019-reportlinker-review-2157368,msft,
2015-10-26,http://www.ibtimes.com/amid-weak-global-outlook-many-us-companies-tighten-belts-2157250,msft,
2015-10-26,http://www.ibtimes.com/press-release/20151026/global-e-learning-it-infrastructure-spending-2015-2019-reportlinker-review,msft,
2015-10-26,http://www.ibtimes.com/surface-pro-4-surface-book-launch-can-microsofts-new-hybrids-get-mac-users-try-2156812,msft,
2015-10-26,http://www.ibtimes.com/press-release/20151026/episerver-debuts-evaluation-digital-experience-platforms-global-independent,msft,
2015-10-26,http://www.ibtimes.com/surface-pro-4-microsoft-closes-apples-consumer-satisfaction-lead-2156469,msft,
2015-10-26,http://www.ibtimes.com/press-release/20151026/digitaslbi-nytwsj-best-selling-author-jonah-berger-unveil-new-metric-measure,msft,
2015-10-26,http://www.ibtimes.com/press-release/20151026/chinasoft-brings-huawei-shareholder-through-share-exchange-continues-build,msft,
2015-10-26,http://www.ibtimes.com/press-release/20151026/onix-expands-upon-googles-offer-free-apps-mid-market-companies-2156362,msft,
2015-10-26,http://www.ibtimes.com/halo-5-guardians-review-roundup-xbox-ones-big-game-mostly-lives-hype-2156172,msft,
2015-10-26,http://www.ibtimes.com/press-release/20151026/covered-call-alerts-gopro-google-microsoft-anacor-pharmaceuticals-dow,msft,
2015-10-26,http://www.ibtimes.com/press-release/20151026/nc4-launches-microsoft-windows-10-universal-application-nc4-street-smarttm,msft,
2015-10-26,http://www.ibtimes.com/earnings-preview-apple-inc-aapl-linkedin-corp-lnkd-ford-motor-company-f-starbucks-2156127,msft,
2015-10-26,http://www.ibtimes.com/press-release/20151026/mit-technology-review-announces-final-speaker-lineup-agenda-15th-annual,msft,
2015-10-26,http://www.ibtimes.com/press-release/20151026/attunity-expands-its-award-winning-big-data-management-platform-support,msft,
2015-10-26,http://www.ibtimes.com/press-release/20151026/valeant-pharmaceuticals-announces-addition-g-mason-morfit-its-board-directors,msft,
2015-10-26,http://www.ibtimes.com/halo-5-guardians-dev-clarifies-plan-pc-halo-5-live-launch-teased-again-2155581,msft,
2015-10-26,http://www.ibtimes.com/microsoft-lumia-950-950-xl-prices-slashed-pre-orders-2155430,msft,
2015-10-26,http://www.ibtimes.com/press-release/20151026/microsoft-debuts-its-first-flagship-store-new-york-citys-iconic-fifth-avenue,msft,
2015-10-23,http://www.ibtimes.com/apple-earnings-could-help-nasdaq-100-set-record-2154971,msft,
2015-10-23,http://www.ibtimes.com/bing-profitable-it-wont-be-long-if-microsoft-doesnt-figure-out-mobile-2154361,msft,
2015-10-23,http://www.ibtimes.com/weeks-rumor-round-apple-ipad-pro-iphone-7-microsoft-lumia-950-samsung-galaxy-s7-2153550,msft,
2015-10-23,http://www.ibtimes.com/microsoft-making-more-money-sales-feature-phones-smartphones-2154087,msft,
2015-10-23,http://www.ibtimes.com/xbox-one-looks-xbox-live-halo-5-guardians-great-holiday-despite-xbox-sales-going-down-2153395,msft,
2015-10-23,http://www.ibtimes.com/microsoft-lumia-950-xl-battery-test-rapid-charging-results-almost-similar-galaxy-note-2153590,msft,
2015-10-23,http://www.ibtimes.com/dow-jones-industrial-average-leaps-tech-stocks-rally-china-announces-surprise-rate-2153973,msft,
2015-10-23,http://www.ibtimes.com/press-release/20151023/corporate-responsibility-magazine-announces-2015s-top-10-best-corporate,msft,
2015-10-23,http://www.ibtimes.com/lumia-650-microsoft-budget-smartphone-looks-identical-nexus-5x-2153760,msft,
2015-10-23,http://www.ibtimes.com/global-markets-rally-ecb-signals-stimulus-silicon-valley-bluechips-lead-wall-street-2153677,msft,
2015-10-23,http://www.ibtimes.com/press-release/20151023/dynamic-health-benefit-plans-emergence-big-data-drive-global-healthcare-cloud,msft,
2015-10-23,http://www.ibtimes.com/press-release/20151023/safeguard-scientifics-announces-third-quarter-2015-financial-results-2153750,msft,
2015-10-23,http://www.ibtimes.com/twitters-ceo-jack-dorsey-give-one-third-his-stock-employees-2153515,msft,
2015-10-22,http://www.ibtimes.com/press-release/20151022/global-server-market-forecasts-2015-2020-2153454,msft,
2015-10-22,http://www.ibtimes.com/microsoft-corporation-msft-q1-2016-57-cent-eps-misses-wall-street-expectations-2152910,msft,
2015-10-22,http://www.ibtimes.com/press-release/20151022/crestwood-associates-host-erp-comparison-event-2153072,msft,
2015-10-22,http://www.ibtimes.com/theranos-presses-pause-real-healthcare-revolution-happening-artificial-intelligence-2152001,msft,
2015-10-22,http://www.ibtimes.com/yahoo-nfl-live-stream-attracts-swarm-advertisers-toyota-microsoft-snickers-among-game-2152296,msft,
2015-10-22,http://www.ibtimes.com/press-release/20151022/la-auto-shows-connected-car-expo-draws-new-auto-industry-pioneers-top,msft,
2015-10-22,http://www.ibtimes.com/zimbabwe-dictator-robert-mugabe-wins-chinas-nobel-peace-prize-president-has-been-2152103,msft,
2015-10-22,http://www.ibtimes.com/windows-10-update-threshold-2-rumor-roundup-no-edge-extensions-november-launch-2152010,msft,
2015-10-22,http://www.ibtimes.com/press-release/20151022/stealth-marketing-tech-startup-revjet-reveals-worlds-first-creative-side,msft,
2015-10-22,http://www.ibtimes.com/playstation-4-price-slashed-several-markets-across-world-2151569,msft,
2015-10-22,http://www.ibtimes.com/microsoft-surface-pro-3-now-available-significant-discount-ebay-ahead-surface-pro-4-2151541,msft,
2015-10-22,http://www.ibtimes.com/press-release/20151022/new-hands-free-technologies-pose-hidden-dangers-drivers-2151620,msft,
2015-10-21,http://www.ibtimes.com/american-express-profit-misses-estimates-costs-rise-dollar-hurts-2151319,msft,
2015-10-21,http://www.ibtimes.com/press-release/20151021/unita-streamlines-high-growth-interior-construction-business-netsuite,msft,
2015-10-21,http://www.ibtimes.com/ios-91-update-includes-new-taco-emojis-oh-bug-fixes-too-2151003,msft,
2015-10-21,http://www.ibtimes.com/unicorn-bubble-will-burst-warns-microsoft-ceo-satya-nadella-2150905,msft,
2015-10-21,http://www.ibtimes.com/meet-woman-named-bear-who-luring-twitter-developers-back-flock-2149953,msft,
2015-10-21,http://www.ibtimes.com/press-release/20151021/google-trims-3rd-quarter-lobbying-365-million-still-leads-16-tech-firms,msft,
2015-10-21,http://www.ibtimes.com/surface-book-review-roundup-what-do-critics-make-microsofts-2-1-windows-10-hybrid-2150495,msft,
2015-10-21,http://www.ibtimes.com/theo-epstein-curse-killer-how-chicago-cubs-execs-moneyball-approach-sparked-nlcs-run-2150342,msft,
2015-10-21,http://www.ibtimes.com/why-apple-tim-cook-are-leading-fight-against-cisa-government-surveillance-2149853,msft,
2015-10-21,http://www.ibtimes.com/press-release/20151021/ugandas-infinity-computers-awards-services-cloud-deal-ibm-2150309,msft,
2015-10-21,http://www.ibtimes.com/microsoft-windows-10-mobile-payments-could-use-iris-scanning-authenticate-purchases-2150148,msft,
2015-10-21,http://www.ibtimes.com/dell-khosla-join-omidyar-fresh-round-investment-imerit-digital-economy-back-office-2150055,msft,
2015-10-21,http://www.ibtimes.com/press-release/20151021/imerit-raises-35-million-funding-empower-6000-underprivileged-youth-deliver,msft,
2015-10-21,http://www.ibtimes.com/press-release/20151021/global-smart-augmented-reality-ar-glasses-strategic-business-report-2015-2020,msft,
2015-10-21,http://www.ibtimes.com/magic-leap-latest-demo-shows-potential-augmented-reality-it-prepares-ship-millions-2149943,msft,
2015-10-21,http://www.ibtimes.com/press-release/20151021/wilson-legal-solutions-appoints-suki-sahansara-grow-emea-professional,msft,
2015-10-20,http://www.ibtimes.com/yahoo-inc-yhoo-q3-2015-earnings-yahoo-enters-search-advertising-agreement-google-2149240,msft,
2015-10-20,http://www.ibtimes.com/press-release/20151020/united-states-storage-service-market-2015-2019-market-grow-cagr-334-2149120,msft,
2015-10-20,http://www.ibtimes.com/business-moneyball-companies-embrace-data-analytics-maximize-profits-find-employees-2147492,msft,
2015-10-20,http://www.ibtimes.com/surface-pro-4-microsofts-fastest-selling-biz-tablet-takes-ipad-pro-battle-enterprise-2148440,msft,
2015-10-20,http://www.ibtimes.com/press-release/20151020/lex-machina-unveils-suite-custom-insights-appstm-2148386,msft,
2015-10-20,http://www.ibtimes.com/rubio-silicon-valley-tech-political-donations-flow-heavily-florida-senator-hillary-2129044,msft,
2015-10-20,http://www.ibtimes.com/microsoft-surface-book-release-preorder-update-1tb-storage-variant-priced-3199-2147775,msft,
2015-10-20,http://www.ibtimes.com/microsoft-lumia-950-vs-xiaomi-mi-5-comparison-specs-features-price-release-date-2147773,msft,
2015-10-19,http://www.ibtimes.com/press-release/20151019/global-web-conferencing-industry-reportlinker-review-2147716,msft,
2015-10-19,http://www.ibtimes.com/press-release/20151019/global-3d-sensors-industry-reportlinker-review-2147719,msft,
2015-10-19,http://www.ibtimes.com/press-release/20151019/global-multi-factor-authentication-mfa-industry-2147308,msft,
2015-10-19,http://www.ibtimes.com/tech-earnings-preview-ibm-corp-ibm-microsoft-msft-apple-aapl-face-china-slump-2147029,msft,
2015-10-19,http://www.ibtimes.com/press-release/20151019/global-3d-motion-capture-system-market-2015-forecasts-2020-79-million,msft,
2015-10-19,http://www.ibtimes.com/press-release/20151019/bloomberg-bna-host-big-law-business-diversity-inclusion-conferences-2146819,msft,
2015-10-19,http://www.ibtimes.com/press-release/20151019/attunity-expands-partnership-teradata-2146533,msft,
2015-10-19,http://www.ibtimes.com/windows-10-leaked-build-asks-users-give-microsoft-apps-chance-2146210,msft,
2015-10-19,http://www.ibtimes.com/press-release/20151019/web-conferencing-global-strategic-business-report-2015-2020-vendors-turn,msft,
2015-10-19,http://www.ibtimes.com/press-release/20151019/global-memory-computing-imc-strategic-business-report-2015-2020-imc-driving,msft,
2015-10-19,http://www.ibtimes.com/microsoft-lumia-950-lumia-950-xl-release-update-verizon-might-block-devices-its-2146053,msft,
2015-10-19,http://www.ibtimes.com/press-release/20151019/akamai-content-security-meets-farncombes-standards-secure-ott-delivery,msft,
2015-10-19,http://www.ibtimes.com/intel-chips-set-power-iphone-7-microsofts-surface-smartphone-2145992,msft,
2015-10-18,http://www.ibtimes.com/obama-meet-fortune-500-ceos-boost-support-climate-change-efforts-2145786,msft,
2015-10-18,http://www.ibtimes.com/virtual-reality-should-you-buy-samsung-gear-google-cardboard-or-osvr-hacker-dev-kit-2142308,msft,
2015-10-18,http://www.ibtimes.com/press-release/20151018/worlds-biggest-mobile-electronics-sourcing-show-opens-today-2145446,msft,
2015-10-16,http://www.ibtimes.com/press-release/20151016/beyond20-advisors-speak-agile-itil-fusion-15-2144811,msft,
2015-10-16,http://www.ibtimes.com/press-release/20151016/microsoft-announces-quarterly-earnings-release-date-2144814,msft,
2015-10-16,http://www.ibtimes.com/press-release/20151016/microsoft-dynamics-gp-user-group-announces-2015-award-recipients-2144730,msft,
2015-10-16,http://www.ibtimes.com/what-groupme-racial-profiling-prevalent-mobile-app-used-shopkeepers-racially-profile-2144554,msft,
2015-10-16,http://www.ibtimes.com/steve-ballmer-bets-big-twitter-reveals-hes-accumulated-4-stake-company-2144534,msft,
2015-10-16,http://www.ibtimes.com/press-release/20151016/rasmussen-college-strengthens-commitment-providing-affordable-degree-options,msft,
2015-10-16,http://www.ibtimes.com/press-release/20151016/covered-call-alerts-peabody-energy-microsoft-etsy-inc-jetblue-taser,msft,
2015-10-16,http://www.ibtimes.com/your-future-iphone-camera-could-be-able-take-pictures-whats-under-your-skin-2143887,msft,
2015-10-16,http://www.ibtimes.com/new-xbox-one-experience-previewers-will-get-many-fixes-microsoft-reveals-new-weekly-2143356,msft,
2015-10-16,http://www.ibtimes.com/press-release/20151016/enterprise-applications-market-technology-trends-reviewed-2015-strategic,msft,
2015-10-15,http://www.ibtimes.com/tech-giants-facebook-google-yahoo-speak-out-against-cyber-security-bill-cisa-due-us-2142467,msft,
2015-10-15,http://www.ibtimes.com/press-release/20151015/incubated-ayzenberg-ion-moves-its-own-headquarters-hires-francesca-forgach,msft,
2015-10-15,http://www.ibtimes.com/press-release/20151015/curtis-kopf-joins-premera-blue-cross-vice-president-customer-experience,msft,
2015-10-15,http://www.ibtimes.com/press-release/20151015/xbox-youtube-team-one-kind-halo-5-guardians-launch-celebration-2142341,msft,
2015-10-15,http://www.ibtimes.com/yahoo-wants-kill-password-account-key-feature-yahoo-mail-2141759,msft,
2015-10-14,http://www.ibtimes.com/bernie-sanders-loves-denmark-why-2016-democratic-hopeful-keeps-talking-about-2141511,msft,
2015-10-14,http://www.ibtimes.com/next-major-windows-10-update-threshold-2-will-make-upgrading-older-versions-whole-lot-2141328,msft,
2015-10-14,http://www.ibtimes.com/dridex-everything-you-need-know-about-evil-corp-malware-stealing-millions-bank-2141296,msft,
2015-10-14,http://www.ibtimes.com/surface-book-preorders-sell-out-microsoft-store-its-still-available-amazoncom-2141209,msft,
2015-10-14,http://www.ibtimes.com/tinder-diversity-can-code-help-silicon-valley-find-retain-minority-engineers-2133094,msft,
2015-10-14,http://www.ibtimes.com/press-release/20151014/ciresons-innovate-15-comes-close-spurs-interest-excitement-innovate-16,msft,
2015-10-14,http://www.ibtimes.com/taylor-swift-lands-2016-met-gala-hosting-gig-co-host-event-other-stars-2140713,msft,
2015-10-14,http://www.ibtimes.com/press-release/20151014/mindlink-good-offers-secure-mobile-collaboration-lync-skype-business-2140842,msft,
2015-10-13,http://www.ibtimes.com/press-release/20151013/global-data-center-networking-industry-reportlinker-review-2140452,msft,
2015-10-13,http://www.ibtimes.com/press-release/20151013/global-business-process-service-bpaas-industry-reportlinker-review-2140455,msft,
2015-10-13,http://www.ibtimes.com/press-release/20151013/emms-inc-secures-over-2-million-series-funding-2140387,msft,
2015-10-13,http://www.ibtimes.com/surface-pro-4-release-coming-amazon-sellers-are-slashing-price-microsoft-surface-pro-2139806,msft,
2015-10-13,http://www.ibtimes.com/hackers-increasingly-target-cloud-rackspace-turns-military-vet-cyberwar-experience-2139057,msft,
2015-10-13,http://www.ibtimes.com/massive-windows-10-update-coming-heres-what-you-need-know-about-windows-redstone-2139331,msft,
2015-10-13,http://www.ibtimes.com/press-release/20151013/tufins-orchestration-suite-r15-3-delivers-unparalleled-visibility-compliance,msft,
2015-10-13,http://www.ibtimes.com/press-release/20151013/screenless-display-market-type-application-vertical-geography-global,msft,
2015-10-13,http://www.ibtimes.com/touch-id-fingerprint-reader-patent-future-macbook-granted-apple-inc-2139179,msft,
2015-10-13,http://www.ibtimes.com/press-release/20151013/dh2i-named-2015-svc-awards-products-year-finalist-2139201,msft,
2015-10-13,http://www.ibtimes.com/press-release/20151013/big-data-service-market-2015-global-forecast-2020-2139097,msft,
2015-10-13,http://www.ibtimes.com/press-release/20151013/al-angrisani-joins-mobee-board-directors-2139100,msft,
2015-10-13,http://www.ibtimes.com/press-release/20151013/bizbash-unveils-2015-list-most-innovative-meetings-2139000,msft,
2015-10-13,http://www.ibtimes.com/press-release/20151013/attunity-report-third-quarter-2015-results-november-4-2015-2139058,msft,
2015-10-13,http://www.ibtimes.com/microsoft-lumia-950-xl-vs-xiaomi-mi-note-pro-specs-features-price-faceoff-2138811,msft,
2015-10-13,http://www.ibtimes.com/how-stop-windows-10-spying-you-2138659,msft,
2015-10-13,http://www.ibtimes.com/press-release/20151013/mixed-results-business-smartphone-tablet-shipments-q2-2015-2138735,msft,
2015-10-13,http://www.ibtimes.com/press-release/20151013/greenply-optimizes-sap-hana-investment-commvault-align-it-initiatives,msft,
2015-10-12,http://www.ibtimes.com/press-release/20151012/assuritive-announces-support-microsoft-hyper-v-veeam-version-9-2138193,msft,
2015-11-12,http://www.bloomberg.com/news/articles/2015-11-12/activist-valueact-sells-25-of-microsoft-shares-after-stock-rise,msft,
2015-11-12,http://www.bloomberg.com/news/articles/2015-11-12/kinect-s-rapid-decline-schools-microsoft-on-how-not-to-pitch-hololens,msft,
2015-11-11,http://www.thestreet.com/story/13361167/1/microsoft-msft-stock-climbing-in-pre-market-trading-on-price-target-boost.html?puc=bloomberg&cm_ven=BLOOMBERG,msft,
2015-11-10,http://www.thestreet.com/story/13359874/1/qcom-intc-and-msft-pushing-technology-sector-downward.html?puc=bloomberg&cm_ven=BLOOMBERG,msft,
2015-11-10,http://www.thestreet.com/story/13359188/1/microsoft-msft-stock-higher-as-analysts-applaud-halo-5.html?puc=bloomberg&cm_ven=BLOOMBERG,msft,
2015-11-10,http://www.thestreet.com/story/13359066/1/analysts-actions-walt-disney-microsoft-autodesk.html?puc=bloomberg&cm_ven=BLOOMBERG,msft,
2015-11-10,http://www.bloomberg.com/news/articles/2015-11-10/microsoft-offers-cloud-services-from-data-centers-based-in-u-k-,msft,
2015-11-09,http://www.thestreet.com/story/13357655/1/how-will-microsoft-msft-stock-react-to-77-5-million-secure-islands-acquisition.html?puc=bloomberg&cm_ven=BLOOMBERG,msft,
2015-11-05,http://www.bloomberg.com/news/articles/2015-11-05/facebook-nabs-microsoft-researchers-for-new-virtual-reality-team,msft,
2015-11-05,http://www.bloomberg.com/news/articles/2015-11-05/microsoft-wants-to-be-loved,msft,
2015-11-04,http://www.bloomberg.com/news/articles/2015-11-04/snb-s-stake-in-apple-microsoft-exxon-rose-in-third-quarter,msft,
2015-11-03,http://www.bloomberg.com/news/articles/2015-11-04/apple-google-microsoft-among-best-companies-protecting-climate,msft,
2015-10-29,http://www.bloomberg.com/news/articles/2015-10-29/microsoft-said-returning-to-bond-market-with-seven-part-offering,msft,
2015-10-28,http://www.bloomberg.com/news/articles/2015-10-28/the-no-3-apple-ios-e-mail-program-is-microsoft-s-outlook,msft,
2015-10-26,http://www.bloomberg.com/news/videos/2015-10-26/microsoft-and-amazon-biggest-competition-to-oracle,msft,
2015-10-23,http://www.bloomberg.com/news/articles/2015-10-22/microsoft-s-first-quarter-profit-tops-estimates-on-cloud-growth,msft,
2015-10-23,http://www.bloomberg.com/news/articles/2015-10-23/the-cloud-is-raining-cash-on-amazon-google-and-microsoft,msft,
2015-10-23,http://www.bloomberg.com/news/articles/2015-10-23/ballmer-says-microsoft-has-advantage-over-amazon-in-hiring,msft,
2015-10-23,http://www.bloomberg.com/news/videos/2015-10-23/ballmer-intense-competition-between-microsoft-amazon,msft,
2015-10-23,http://www.bloomberg.com/news/articles/2015-10-23/-100-billion-rally-coming-in-google-microsoft-amazon-shares,msft,
2015-11-10,http://techcrunch.com/2015/11/11/microsoft-trustee-model-for-cloud-mistrust/,msft
2015-11-08,http://techcrunch.com/2015/11/09/microsoft-goes-for-another-israeli-security-firm-buying-secure-islands/,msft
2015-11-06,http://techcrunch.com/2015/11/06/peggy-johnson-microsofts-deal-boss-on-reaching-silicon-valley/,msft
2015-11-05,http://techcrunch.com/2015/11/05/microsoft-acquires-mobile-data-labs-the-company-behind-mileage-tracking-app-mileiq/,msft
2015-11-03,http://techcrunch.com/2015/11/04/microsoft-readies-its-cortana-for-ios-beta-promises-invites-in-weeks/,msft
2015-10-29,http://techcrunch.com/2015/10/29/microsoft-integrates-skype-with-office-online-rolls-out-an-office-chrome-extension/,msft
2015-10-28,http://techcrunch.com/2015/10/28/microsoft-partners-with-consensys-to-use-ethereum-to-provide-blockchain-as-a-service/,msft
2015-10-28,http://techcrunch.com/2015/10/28/microsoft-officially-unveils-its-arrow-launcher-for-android/,msft
2015-10-28,http://techcrunch.com/2015/10/28/microsoft-to-shut-down-sunrise-mobile-calendar-after-integration-into-outlook-completes/,msft
2015-10-23,http://techcrunch.com/2015/10/23/tech-mostly-puts-points-on-the-board/,msft
2015-10-23,http://techcrunch.com/2015/10/23/13-techcrunch-stories-you-dont-want-to-miss-this-week-22/,msft
2015-10-22,http://techcrunch.com/2015/10/22/bing-is-profitable/,msft
2015-10-22,http://techcrunch.com/2015/10/22/microsoft-jumps-6-on-profit-revenue-beat-in-its-fq1/,msft
2015-10-20,http://techcrunch.com/2015/10/20/google-to-the-yahoo-rescue/,msft
2015-10-19,http://techcrunch.com/2015/10/19/hackathon-challenges-developers-to-make-a-difference-in-ag/,msft
2015-10-19,http://techcrunch.com/2015/10/19/google-goes-after-microsoft-ibm-by-making-google-apps-for-work-free-while-customers-still-under-competitors-contract/,msft
2015-10-15,http://techcrunch.com/2015/10/15/skype-now-lets-anyone-join-a-chat-even-if-they-dont-have-an-account/,msft
2015-10-14,http://techcrunch.com/2015/10/14/microsofts-skype-for-business-ios-app-now-available-to-all/,msft
